State,City,Score,Link,Employment -- State -- Sexual Orientation,Employment -- State -- Gender Identity,Employment -- County -- Sexual Orientation,Employment -- County -- Gender Identity,Employment -- City -- Sexual Orientation,Employment -- City -- Gender Identity,Housing -- State -- Sexual Orientation,Housing -- State -- Gender Identity,Housing -- County -- Sexual Orientation,Housing -- County -- Gender Identity,Housing -- City -- Sexual Orientation,Housing -- City -- Gender Identity,Public Accommodations -- State,Public Accommodations -- County,Public Accommodations -- City,All-Gender Single Occupancy Facilities -- State,All-Gender Single Occupancy Facilities -- County,All-Gender Single Occupancy Facilities -- City,Protects Youth From Conversion Therapy -- State,Protects Youth From Conversion Therapy -- County,Protects Youth From Conversion Therapy -- City,Non-Discrimination in City Employment -- City -- Sexual Orientation,Non-Discrimination in City Employment -- City -- Gender Identity,Transgender-Inclusive Healthcare Benefits -- City,City Contractor Non-Discrimination Ordinance -- City -- Sexual Orientation,City Contractor Non-Discrimination Ordinance -- City -- Gender Identity,Inclusive Workplace -- City,City Employee Domestic Partner Benefits -- City,Human Rights Commission -- County,Human Rights Commission -- City,Enforcement Mechanism in Human Rights Commission -- County,Enforcement Mechanism in Human Rights Commission -- City,LGBTQ Liaison in City Executive's Office -- City,Youth Bullying Prevention Policy for City Services -- City -- Sexual Orientation,Youth Bullying Prevention Policy for City Services -- City -- Gender Identity,City provides services to/supports LGBTQ youth -- City,City provides services to/supports LGBTQ homeless people -- City,City provides services to/supports LGBTQ elders -- City,City provides services to/supports people living with HIV/AIDS -- City,City provides services to/supports the transgender community -- City,LGBTQ Police Liaison or Task Force -- City,Reported 2016 Hates Crimes Statistics to the FBI -- City,Leadership's Public Position on LGBTQ Equality -- City,Leadership's Pro-Equality Legislative or Policy Efforts -- City,Openly LGBTQ elected or appointed municipal leaders -- City,City test limits of restrictive state law -- City,Non-Discrimination in City Employment -- County -- Sexual Orientation,Non-Discrimination in City Employment -- County -- Gender Identity,Transgender-Inclusive Healthcare Benefits -- County,City Contractor Non-Discrimination Ordinance -- County -- Sexual Orientation,City Contractor Non-Discrimination Ordinance -- County -- Gender Identity,Inclusive Workplace -- County,City Employee Domestic Partner Benefits -- County,LGBTQ Liaison in City Executive's Office -- County,Youth Bullying Prevention Policy for City Services -- County -- Sexual Orientation,Youth Bullying Prevention Policy for City Services -- County -- Gender Identity,City provides services to/supports LGBTQ youth -- County,City provides services to/supports LGBTQ homeless people -- County,City provides services to/supports LGBTQ elders -- County,City provides services to/supports people living with HIV/AIDS -- County,City provides services to/supports the transgender community -- County,LGBTQ Police Liaison or Task Force -- County,Reported 2016 Hates Crimes Statistics to the FBI -- County,Leadership's Public Position on LGBTQ Equality -- County,Leadership's Pro-Equality Legislative or Policy Efforts -- County,Openly LGBTQ elected or appointed municipal leaders -- County,City test limits of restrictive state law -- County
Alabama,Auburn,4,https://www.hrc.org/mei/search/alabama/auburn,0,0,0,0,0,0,0,0,0,0,0,0,0,0,0,0,0,0,0,0,0,0,0,0,0,0,2,0,0,0,0,0,0,0,0,0,0,0,2,0,0,0,0,0,0,0,,,,,,,,,,,,,,,,,,,,,
Alabama,Birmingham,100,https://www.hrc.org/mei/search/alabama/birmingham,0,0,0,0,5,5,0,0,0,0,5,5,0,0,55,0,0,0,0,0,0,7,7,0,3,3,2,0,0,5,0,2,5,0,0,2,0,0,2,2,10,12,5,3,2,0,,,,,,,,,,,,,,,,,,,,,
Alabama,Florence,12,https://www.hrc.org/mei/search/alabama/florence,0,0,0,0,0,0,0,0,0,0,0,0,0,0,0,0,0,0,0,0,0,0,0,0,0,0,0,0,0,0,0,0,0,0,0,0,0,0,0,0,0,12,0,0,0,0,,,,,,,,,,,,,,,,,,,,,
Alabama,Hoover,12,https://www.hrc.org/mei/search/alabama/hoover,0,0,0,0,0,0,0,0,0,0,0,0,0,0,0,0,0,0,0,0,0,0,0,0,0,0,0,0,0,0,0,0,0,0,0,0,0,0,0,0,0,12,0,0,0,0,,,,,,,,,,,,,,,,,,,,,
Alabama,Huntsville,19,https://www.hrc.org/mei/search/alabama/huntsville,0,0,0,0,0,0,0,0,0,0,0,0,0,0,0,0,0,0,0,0,0,7,7,0,0,0,0,0,0,5,0,0,0,0,0,0,0,0,0,0,0,0,0,0,0,0,,,,,,,,,,,,,,,,,,,,,
Alabama,Mobile,19,https://www.hrc.org/mei/search/alabama/mobile,0,0,0,0,0,0,0,0,0,0,5,5,0,0,0,0,0,0,0,0,0,0,0,0,0,0,0,0,0,5,0,2,0,0,0,0,0,0,2,0,0,0,0,0,0,0,,,,,,,,,,,,,,,,,,,,,
Alabama,Montgomery,17,https://www.hrc.org/mei/search/alabama/montgomery,0,0,0,0,0,0,0,0,0,0,0,0,0,0,0,0,0,0,0,0,0,7,0,0,3,0,0,0,0,0,0,0,0,1,1,0,0,0,0,0,0,0,3,2,0,0,,,,,,,,,,,,,,,,,,,,,
Alabama,Tuscaloosa,30,https://www.hrc.org/mei/search/alabama/tuscaloosa,0,0,0,0,0,0,0,0,0,0,0,0,0,0,0,0,0,0,0,0,0,7,7,0,0,0,0,0,0,0,0,0,0,0,0,0,0,0,2,0,0,12,0,2,0,0,,,,,,,,,,,,,,,,,,,,,
Alaska,Anchorage,84,https://www.hrc.org/mei/search/alaska/anchorage,0,0,0,0,5,5,0,0,0,0,5,5,0,0,55,0,0,0,0,0,0,7,7,6,0,0,0,0,0,5,0,2,5,0,0,0,0,0,0,0,0,12,5,3,2,0,,,,,,,,,,,,,,,,,,,,,
Alaska,Fairbanks,21,https://www.hrc.org/mei/search/alaska/fairbanks,0,0,0,0,0,0,0,0,0,0,0,0,0,0,0,0,0,0,0,0,0,7,0,0,3,0,0,0,0,5,0,0,0,0,0,0,0,0,0,0,0,0,4,2,0,0,,,,,,,,,,,,,,,,,,,,,
Alaska,Homer,7,https://www.hrc.org/mei/search/alaska/homer,0,0,0,0,0,0,0,0,0,0,0,0,0,0,0,0,0,0,0,0,0,0,0,0,0,0,0,0,0,0,0,0,0,0,0,2,0,0,0,0,0,0,3,2,0,0,,,,,,,,,,,,,,,,,,,,,
Alaska,Juneau,86,https://www.hrc.org/mei/search/alaska/juneau,0,0,0,0,5,5,0,0,0,0,5,5,0,0,55,0,0,0,0,0,0,7,7,0,0,0,0,0,0,5,0,0,5,0,0,2,0,0,0,0,10,12,5,3,0,0,,,,,,,,,,,,,,,,,,,,,
Alaska,Ketchikan,0,https://www.hrc.org/mei/search/alaska/ketchikan,0,0,0,0,0,0,0,0,0,0,0,0,0,0,0,0,0,0,0,0,0,0,0,0,0,0,0,0,0,0,0,0,0,0,0,0,0,0,0,0,0,0,0,0,0,0,,,,,,,,,,,,,,,,,,,,,
Alaska,Sitka,36,https://www.hrc.org/mei/search/alaska/sitka,0,0,0,0,5,5,0,0,0,0,5,5,0,0,55,0,0,0,0,0,0,0,0,0,0,0,0,0,0,0,0,0,0,0,0,0,0,0,0,0,0,0,4,2,0,0,,,,,,,,,,,,,,,,,,,,,
Alaska,Wasilla,12,https://www.hrc.org/mei/search/alaska/wasilla,0,0,0,0,0,0,0,0,0,0,0,0,0,0,0,0,0,0,0,0,0,0,0,0,0,0,0,0,0,0,0,0,0,0,0,0,0,0,0,0,0,12,0,0,0,0,,,,,,,,,,,,,,,,,,,,,
Arizona,Avondale,28,https://www.hrc.org/mei/search/arizona/avondale,0,0,0,0,0,0,0,0,0,0,0,0,0,0,0,0,0,0,0,0,0,0,0,0,0,0,0,1,0,0,0,0,5,0,0,0,0,0,0,0,10,12,0,0,0,0,,,,,,,,,,,,,,,,,,,,,
Arizona,Chandler,58,https://www.hrc.org/mei/search/arizona/chandler,0,0,0,0,0,0,0,0,0,0,0,0,0,0,0,0,0,0,0,0,0,7,7,0,3,3,0,0,0,5,0,2,5,0,0,0,0,0,0,0,10,12,2,0,2,0,,,,,,,,,,,,,,,,,,,,,
Arizona,Flagstaff,88,https://www.hrc.org/mei/search/arizona/flagstaff,0,0,0,0,5,5,0,0,0,0,0,0,0,0,55,0,0,0,0,0,0,7,7,0,3,3,2,1,0,5,0,0,5,0,0,2,0,0,2,0,10,12,5,2,2,0,,,,,,,,,,,,,,,,,,,,,
Arizona,Gilbert,55,https://www.hrc.org/mei/search/arizona/gilbert,0,0,0,0,0,0,0,0,0,0,0,0,0,0,0,0,0,0,0,0,0,7,7,0,1,1,2,0,0,5,0,2,5,0,0,0,0,0,0,0,10,12,3,0,0,0,,,,,,,,,,,,,,,,,,,,,
Arizona,Glendale,62,https://www.hrc.org/mei/search/arizona/glendale,0,0,0,0,0,0,0,0,0,0,0,0,0,0,0,0,0,0,0,0,0,7,7,0,3,3,2,0,0,5,0,0,5,0,0,2,0,0,0,0,10,12,3,3,0,0,,,,,,,,,,,,,,,,,,,,,
Arizona,Mesa,56,https://www.hrc.org/mei/search/arizona/mesa,0,0,0,0,0,0,0,0,0,0,0,0,0,0,0,0,0,0,0,0,0,7,7,0,1,1,0,0,0,5,0,0,5,0,0,0,0,0,0,0,10,12,5,1,2,0,,,,,,,,,,,,,,,,,,,,,
Arizona,Peoria,23,https://www.hrc.org/mei/search/arizona/peoria,0,0,0,0,0,0,0,0,0,0,0,0,0,0,0,0,0,0,0,0,0,7,0,0,0,0,0,1,0,0,0,0,5,0,0,0,0,0,0,0,10,0,0,0,0,0,,,,,,,,,,,,,,,,,,,,,
Arizona,Phoenix,100,https://www.hrc.org/mei/search/arizona/phoenix,0,0,0,0,4,4,0,0,0,0,5,5,0,0,44,0,0,0,0,0,0,7,7,6,3,3,2,0,0,5,0,2,5,0,0,2,2,2,0,0,10,12,5,3,2,0,,,,,,,,,,,,,,,,,,,,,
Arizona,Scottsdale,64,https://www.hrc.org/mei/search/arizona/scottsdale,0,0,0,0,0,0,0,0,0,0,0,0,0,0,0,0,0,0,0,0,0,7,7,0,0,0,0,1,0,5,0,0,5,0,0,2,2,0,2,2,10,12,4,3,2,0,,,,,,,,,,,,,,,,,,,,,
Arizona,Tempe,100,https://www.hrc.org/mei/search/arizona/tempe,0,0,0,0,5,5,0,0,0,0,5,5,0,0,55,0,0,0,0,0,0,7,7,6,3,3,2,1,0,5,0,2,5,0,0,2,2,0,2,0,10,12,5,3,2,0,,,,,,,,,,,,,,,,,,,,,
Arizona,Tucson,100,https://www.hrc.org/mei/search/arizona/tucson,0,0,0,0,5,5,0,0,0,0,5,5,0,0,55,0,0,0,0,2,0,7,7,6,3,3,0,0,0,5,0,2,5,0,0,2,2,2,0,0,10,12,5,3,2,0,,,,,,,,,,,,,,,,,,,,,
Arkansas,Conway,16,https://www.hrc.org/mei/search/arkansas/conway,0,0,0,0,0,0,0,0,0,0,0,0,0,0,0,0,0,0,0,0,0,7,7,0,0,0,0,0,0,0,0,0,0,0,0,0,0,0,0,0,0,0,2,0,0,0,,,,,,,,,,,,,,,,,,,,,
Arkansas,Eureka Springs,63,https://www.hrc.org/mei/search/arkansas/eureka-springs,0,0,0,0,5,5,0,0,0,0,5,5,0,0,55,0,0,0,0,0,0,7,7,0,3,3,0,0,0,0,0,2,0,0,0,0,0,0,0,0,0,0,5,3,0,3,,,,,,,,,,,,,,,,,,,,,
Arkansas,Fayetteville,62,https://www.hrc.org/mei/search/arkansas/fayetteville,0,0,0,0,5,5,0,0,0,0,5,5,0,0,55,0,0,0,0,0,0,7,7,0,0,0,0,0,0,5,0,0,0,0,0,0,0,0,0,0,0,0,5,3,2,3,,,,,,,,,,,,,,,,,,,,,
Arkansas,Fort Smith,14,https://www.hrc.org/mei/search/arkansas/fort-smith,0,0,0,0,0,0,0,0,0,0,0,0,0,0,0,0,0,0,0,0,0,0,0,0,0,0,0,0,0,0,0,0,0,0,0,0,0,0,0,0,0,12,0,0,2,0,,,,,,,,,,,,,,,,,,,,,
Arkansas,Jonesboro,12,https://www.hrc.org/mei/search/arkansas/jonesboro,0,0,0,0,0,0,0,0,0,0,0,0,0,0,0,0,0,0,0,0,0,0,0,0,0,0,0,0,0,0,0,0,0,0,0,0,0,0,0,0,0,12,0,0,0,0,,,,,,,,,,,,,,,,,,,,,
Arkansas,Little Rock,63,https://www.hrc.org/mei/search/arkansas/little-rock,0,0,0,0,0,0,0,0,0,0,0,0,0,0,0,0,0,0,0,0,0,7,7,6,3,3,0,0,0,0,0,0,5,0,0,0,0,0,2,0,5,12,5,3,2,3,,,,,,,,,,,,,,,,,,,,,
Arkansas,North Little Rock,13,https://www.hrc.org/mei/search/arkansas/north-little-rock,0,0,0,0,0,0,0,0,0,0,0,0,0,0,0,0,0,0,0,0,0,0,0,0,0,0,0,0,0,0,0,0,0,0,0,0,0,0,0,0,0,12,1,0,0,0,,,,,,,,,,,,,,,,,,,,,
Arkansas,Springdale,7,https://www.hrc.org/mei/search/arkansas/springdale,0,0,0,0,0,0,0,0,0,0,0,0,0,0,0,0,0,0,0,0,0,7,0,0,0,0,0,0,0,0,0,0,0,0,0,0,0,0,0,0,0,0,0,0,0,0,,,,,,,,,,,,,,,,,,,,,
California,Anaheim,85,https://www.hrc.org/mei/search/california/anaheim,5,5,0,0,0,0,5,5,0,0,0,0,55,0,0,2,0,0,2,0,0,7,7,6,3,3,0,0,5,0,0,0,0,0,0,2,0,0,0,0,0,12,3,1,2,0,,,,,,,,,,,,,,,,,,,,,
California,Bakersfield,58,https://www.hrc.org/mei/search/california/bakersfield,5,5,0,0,0,0,5,5,0,0,0,0,55,0,0,2,0,0,2,0,0,7,0,0,0,0,0,0,5,0,0,0,0,0,0,0,0,0,0,0,0,12,0,0,0,0,,,,,,,,,,,,,,,,,,,,,
California,Berkeley,96,https://www.hrc.org/mei/search/california/berkeley,5,5,0,0,5,0,5,5,0,0,5,0,55,0,50,2,0,2,2,0,0,7,7,6,3,3,0,1,5,5,2,0,0,0,0,0,2,2,2,0,0,12,5,3,2,0,,,,,,,,,,,,,,,,,,,,,
California,Brisbane,53,https://www.hrc.org/mei/search/california/brisbane,5,5,0,0,0,0,5,5,0,0,0,0,55,0,0,2,0,0,2,0,0,7,0,0,0,0,0,0,0,0,0,0,0,0,0,0,0,0,0,0,0,12,0,0,0,0,,,,,,,,,,,,,,,,,,,,,
California,Cathedral City,94,https://www.hrc.org/mei/search/california/cathedral-city,5,5,0,0,5,5,5,5,0,0,5,5,55,0,55,2,0,0,2,0,0,7,7,6,3,3,2,1,0,0,0,0,5,0,0,2,0,2,2,0,10,0,5,3,2,0,,,,,,,,,,,,,,,,,,,,,
California,Chula Vista,99,https://www.hrc.org/mei/search/california/chula-vista,5,5,0,0,0,0,5,5,0,0,0,0,55,0,0,2,0,0,2,0,0,7,7,6,0,0,0,1,0,5,0,0,5,0,0,2,0,0,2,0,10,12,4,2,2,0,,,,,,,,,,,,,,,,,,,,,
California,Concord,81,https://www.hrc.org/mei/search/california/concord,5,5,0,0,0,0,5,5,0,0,0,0,55,0,0,2,0,0,2,0,0,7,7,6,0,0,0,0,0,5,0,0,0,0,0,2,0,2,2,2,0,12,1,1,0,0,,,,,,,,,,,,,,,,,,,,,
California,Corona,52,https://www.hrc.org/mei/search/california/corona,5,5,0,0,0,0,5,5,0,0,0,0,55,0,0,2,0,0,2,0,0,0,0,6,0,0,0,0,0,0,0,0,0,0,0,0,0,0,0,0,0,12,0,0,0,0,,,,,,,,,,,,,,,,,,,,,
California,Elk Grove,77,https://www.hrc.org/mei/search/california/elk-grove,5,5,0,0,0,0,5,5,0,0,0,0,55,0,0,2,0,0,2,0,0,7,7,6,3,3,0,0,0,5,0,0,0,0,0,0,0,0,0,0,0,12,0,0,0,0,,,,,,,,,,,,,,,,,,,,,
California,Escondido,60,https://www.hrc.org/mei/search/california/escondido,5,5,0,0,0,0,5,5,0,0,0,0,55,0,0,2,0,0,2,0,0,7,0,6,0,0,0,1,0,0,0,0,0,0,0,0,0,0,0,0,0,12,0,0,0,0,,,,,,,,,,,,,,,,,,,,,
California,Fontana,59,https://www.hrc.org/mei/search/california/fontana,5,5,0,0,0,0,5,5,0,0,0,0,55,0,0,2,0,0,2,0,0,7,0,6,0,0,0,0,0,0,0,0,0,0,0,0,0,0,0,0,0,12,0,0,0,0,,,,,,,,,,,,,,,,,,,,,
California,Fremont,91,https://www.hrc.org/mei/search/california/fremont,5,5,0,0,0,0,5,5,0,0,0,0,55,0,0,2,0,0,2,0,0,7,7,6,1,1,0,1,5,5,2,0,5,1,1,0,0,2,0,0,0,12,4,0,2,0,,,,,,,,,,,,,,,,,,,,,
California,Fresno,55,https://www.hrc.org/mei/search/california/fresno,5,5,0,0,0,0,5,5,0,0,0,0,55,0,0,2,0,0,2,0,0,7,0,0,1,0,0,1,0,0,0,0,0,0,0,0,0,0,0,0,0,12,0,0,0,0,,,,,,,,,,,,,,,,,,,,,
California,Fullerton,77,https://www.hrc.org/mei/search/california/fullerton,5,5,0,0,0,0,5,5,0,0,0,0,55,0,0,2,0,0,2,0,0,7,7,6,3,3,0,0,5,0,0,0,0,0,0,0,0,0,0,0,0,12,0,0,0,0,,,,,,,,,,,,,,,,,,,,,
California,Garden Grove,55,https://www.hrc.org/mei/search/california/garden-grove,5,5,0,0,0,0,5,5,0,0,0,0,55,0,0,2,0,0,2,0,0,0,0,0,0,0,0,0,5,0,0,0,0,0,0,0,0,0,0,0,0,12,1,1,2,0,,,,,,,,,,,,,,,,,,,,,
California,Glendale,70,https://www.hrc.org/mei/search/california/glendale1,5,5,0,0,0,0,5,5,0,0,0,0,55,0,0,2,0,0,2,0,0,7,7,0,1,0,0,1,5,0,0,0,0,0,0,0,0,0,0,0,0,12,2,1,0,0,,,,,,,,,,,,,,,,,,,,,
California,Guerneville,100,https://www.hrc.org/mei/search/california/guerneville,5,5,0,0,0,0,5,5,0,0,0,0,55,0,0,2,0,0,2,0,0,,,,,,,,5,0,2,0,,,,,,,,,,,,,,,7,7,6,1,0,0,0,5,0,0,2,0,2,2,0,10,12,2,1,2,0
California,Hayward,79,https://www.hrc.org/mei/search/california/hayward,5,5,0,0,0,0,5,5,0,0,0,0,55,0,0,2,0,0,2,0,0,7,7,6,3,0,0,0,5,0,2,0,0,0,0,0,0,0,0,0,0,12,2,1,0,0,,,,,,,,,,,,,,,,,,,,,
California,Huntington Beach,61,https://www.hrc.org/mei/search/california/huntington-beach,5,5,0,0,0,0,5,5,0,0,0,0,55,0,0,2,0,0,2,0,0,7,0,0,0,0,0,1,5,5,0,0,0,0,0,0,0,0,0,0,0,12,0,0,2,0,,,,,,,,,,,,,,,,,,,,,
California,Irvine,83,https://www.hrc.org/mei/search/california/irvine,5,5,0,0,0,0,5,5,0,0,0,0,55,0,0,2,0,0,2,0,0,7,0,0,1,1,0,1,5,0,2,0,5,0,0,2,0,0,2,0,10,12,0,1,0,0,,,,,,,,,,,,,,,,,,,,,
California,Lancaster,77,https://www.hrc.org/mei/search/california/lancaster,5,5,0,0,0,0,5,5,0,0,0,0,55,0,0,2,0,0,2,0,0,7,0,0,3,3,0,0,5,5,0,2,0,0,0,0,0,0,0,0,10,12,1,0,0,0,,,,,,,,,,,,,,,,,,,,,
California,Long Beach,100,https://www.hrc.org/mei/search/california/long-beach,5,5,0,0,4,0,5,5,0,0,0,0,55,0,0,2,0,0,2,0,0,7,7,6,3,3,2,1,0,5,0,2,5,0,0,2,0,0,2,0,10,12,5,3,2,0,,,,,,,,,,,,,,,,,,,,,
California,Los Angeles,100,https://www.hrc.org/mei/search/california/los-angeles,5,5,0,0,4,0,5,5,0,0,4,0,55,0,40,2,0,0,2,0,0,7,7,6,3,3,0,1,5,5,0,2,5,0,0,2,2,0,2,2,10,12,5,3,2,0,,,,,,,,,,,,,,,,,,,,,
California,Modesto,59,https://www.hrc.org/mei/search/california/modesto,5,5,0,0,0,0,5,5,0,0,0,0,55,0,0,2,0,0,2,0,0,7,0,0,0,0,0,1,0,5,0,0,0,0,0,0,0,0,0,0,0,12,0,0,0,0,,,,,,,,,,,,,,,,,,,,,
California,Moreno Valley,60,https://www.hrc.org/mei/search/california/moreno-valley,5,5,0,0,0,0,5,5,0,0,0,0,55,0,0,2,0,0,2,0,0,7,7,0,0,0,0,0,0,0,0,0,0,0,0,0,0,0,0,0,0,12,0,0,0,0,,,,,,,,,,,,,,,,,,,,,
California,Oakland,97,https://www.hrc.org/mei/search/california/oakland,5,5,0,0,5,5,5,5,0,0,5,5,55,0,55,2,0,0,2,0,0,7,7,6,1,1,0,1,5,0,0,0,5,0,0,0,0,0,0,0,10,12,5,1,2,0,,,,,,,,,,,,,,,,,,,,,
California,Oceanside,100,https://www.hrc.org/mei/search/california/oceanside,5,5,0,0,0,0,5,5,0,0,0,0,55,0,0,2,0,0,2,0,0,7,7,6,3,3,0,0,0,0,0,0,5,0,0,2,2,2,2,2,10,12,5,1,0,0,,,,,,,,,,,,,,,,,,,,,
California,Ontario,52,https://www.hrc.org/mei/search/california/ontario,5,5,0,0,0,0,5,5,0,0,0,0,55,0,0,2,0,0,2,0,0,0,0,6,0,0,0,0,0,0,0,0,0,0,0,0,0,0,0,0,0,12,0,0,0,0,,,,,,,,,,,,,,,,,,,,,
California,Orange,71,https://www.hrc.org/mei/search/california/orange,5,5,0,0,0,0,5,5,0,0,0,0,55,0,0,2,0,0,2,0,0,7,7,6,0,0,0,0,5,0,0,0,0,0,0,0,0,0,0,0,0,12,0,0,0,0,,,,,,,,,,,,,,,,,,,,,
California,Oxnard,58,https://www.hrc.org/mei/search/california/oxnard,5,5,0,0,0,0,5,5,0,0,0,0,55,0,0,2,0,0,2,0,0,7,0,0,0,0,0,0,0,5,0,0,0,0,0,0,0,0,0,0,0,12,0,0,0,0,,,,,,,,,,,,,,,,,,,,,
California,Palm Desert,94,https://www.hrc.org/mei/search/california/palm-desert,5,5,0,0,0,0,5,5,0,0,0,0,55,0,0,2,0,0,2,0,0,7,7,6,1,1,0,1,0,0,0,0,5,0,0,2,2,0,2,0,10,12,3,1,0,0,,,,,,,,,,,,,,,,,,,,,
California,Palm Springs,100,https://www.hrc.org/mei/search/california/palm-springs,5,5,0,0,0,0,5,5,0,0,0,0,55,0,0,2,0,0,2,0,0,7,7,6,3,3,2,1,0,5,0,0,5,0,0,2,2,2,2,2,10,12,5,3,2,0,,,,,,,,,,,,,,,,,,,,,
California,Palmdale,71,https://www.hrc.org/mei/search/california/palmdale,5,5,0,0,0,0,5,5,0,0,0,0,55,0,0,2,0,0,2,0,0,7,7,6,0,0,0,0,5,0,0,0,0,0,0,0,0,0,0,0,0,12,0,0,0,0,,,,,,,,,,,,,,,,,,,,,
California,Pasadena,85,https://www.hrc.org/mei/search/california/pasadena,5,5,0,0,0,0,5,5,0,0,0,0,55,0,0,2,0,0,2,0,0,7,7,6,3,3,0,1,5,5,0,0,0,0,0,2,0,0,2,0,0,12,3,0,0,0,,,,,,,,,,,,,,,,,,,,,
California,Pomona,72,https://www.hrc.org/mei/search/california/pomona,5,5,0,0,0,0,5,5,0,0,0,0,55,0,0,2,0,0,2,0,0,7,7,6,3,3,0,0,0,0,0,0,0,0,0,0,0,0,0,0,0,12,0,0,0,0,,,,,,,,,,,,,,,,,,,,,
California,Rancho Cucamonga,68,https://www.hrc.org/mei/search/california/rancho-cucamonga,5,5,0,0,0,0,5,5,0,0,0,0,55,0,0,2,0,0,2,0,0,7,7,0,3,3,0,0,0,0,0,0,0,0,0,2,0,0,0,0,0,12,0,0,0,0,,,,,,,,,,,,,,,,,,,,,
California,Rancho Mirage,100,https://www.hrc.org/mei/search/california/rancho-mirage,5,5,0,0,0,0,5,5,0,0,0,0,55,0,0,2,0,0,2,0,0,7,7,6,3,3,0,0,0,0,0,0,5,0,0,2,2,2,2,2,10,12,3,1,2,0,,,,,,,,,,,,,,,,,,,,,
California,Richmond,86,https://www.hrc.org/mei/search/california/richmond,5,5,0,0,0,0,5,5,0,0,0,0,55,0,0,2,0,0,2,0,0,7,0,6,3,3,0,0,0,5,0,2,5,0,0,0,0,0,0,0,0,12,5,2,2,0,,,,,,,,,,,,,,,,,,,,,
California,Riverside,65,https://www.hrc.org/mei/search/california/riverside,5,5,0,0,0,0,5,5,0,0,0,0,55,0,0,2,0,0,2,0,0,7,7,0,0,0,0,0,0,5,0,0,0,0,0,0,0,0,0,0,0,12,0,0,0,0,,,,,,,,,,,,,,,,,,,,,
California,Sacramento,100,https://www.hrc.org/mei/search/california/sacramento,5,5,0,0,4,4,5,5,0,0,4,4,55,0,44,2,0,0,2,0,0,7,7,6,3,3,2,1,0,0,0,0,5,0,0,0,2,2,2,0,10,12,5,1,2,0,,,,,,,,,,,,,,,,,,,,,
California,Salinas,59,https://www.hrc.org/mei/search/california/salinas,5,5,0,0,0,0,5,5,0,0,0,0,55,0,0,2,0,0,2,0,0,7,0,6,0,0,0,0,0,0,0,0,0,0,0,0,0,0,0,0,0,12,0,0,0,0,,,,,,,,,,,,,,,,,,,,,
California,San Bernardino,53,https://www.hrc.org/mei/search/california/san-bernardino,5,5,0,0,0,0,5,5,0,0,0,0,55,0,0,2,0,0,2,0,0,0,0,0,0,0,0,0,0,5,0,2,0,0,0,0,0,0,0,0,0,12,0,0,0,0,,,,,,,,,,,,,,,,,,,,,
California,San Diego,100,https://www.hrc.org/mei/search/california/san-diego,5,5,0,0,4,4,5,5,0,0,4,4,55,0,44,2,0,0,2,0,0,7,7,6,3,3,2,1,5,5,0,2,5,0,0,2,0,2,0,0,10,12,5,3,2,0,,,,,,,,,,,,,,,,,,,,,
California,San Francisco,100,https://www.hrc.org/mei/search/california/san-francisco,5,5,5,5,5,5,5,5,5,5,5,5,55,55,55,2,0,2,2,0,0,7,7,6,3,3,2,1,0,5,0,2,5,0,0,2,2,2,2,2,10,12,5,3,2,0,,,,,,,,,,,,,,,,,,,,,
California,San Jose,100,https://www.hrc.org/mei/search/california/san-jose,5,5,0,0,0,0,5,5,0,0,0,0,55,0,0,2,0,0,2,0,0,7,7,6,3,3,0,0,5,5,2,0,5,0,0,0,0,0,0,0,10,12,5,3,2,0,,,,,,,,,,,,,,,,,,,,,
California,Santa Ana,55,https://www.hrc.org/mei/search/california/santa-ana,5,5,0,0,0,0,5,5,0,0,0,0,55,0,0,2,0,0,2,0,0,0,0,0,0,0,0,0,5,0,0,0,0,0,0,0,0,0,0,0,0,12,3,1,0,0,,,,,,,,,,,,,,,,,,,,,
California,Santa Clarita,64,https://www.hrc.org/mei/search/california/santa-clarita,5,5,0,0,0,0,5,5,0,0,0,0,55,0,0,2,0,0,2,0,0,7,0,6,0,0,0,0,5,0,0,0,0,0,0,0,0,0,0,0,0,12,0,0,0,0,,,,,,,,,,,,,,,,,,,,,
California,Santa Monica,100,https://www.hrc.org/mei/search/california/santa-monica,5,5,0,0,4,0,5,5,0,0,4,0,55,0,40,2,0,0,2,0,0,7,7,6,3,3,0,1,5,0,0,0,5,0,0,0,0,0,2,0,10,12,5,3,0,0,,,,,,,,,,,,,,,,,,,,,
California,Santa Rosa,74,https://www.hrc.org/mei/search/california/santa-rosa,5,5,0,0,0,0,5,5,0,0,0,0,55,0,0,2,0,0,2,0,0,7,7,6,0,0,0,1,5,0,0,0,0,0,0,0,0,2,0,0,0,12,0,0,0,0,,,,,,,,,,,,,,,,,,,,,
California,Signal Hill,95,https://www.hrc.org/mei/search/california/signal-hill,5,5,0,0,0,0,5,5,0,0,0,0,55,0,0,2,0,0,2,0,0,7,7,6,3,3,0,0,5,0,0,0,5,0,0,2,2,2,2,2,10,0,3,0,2,0,,,,,,,,,,,,,,,,,,,,,
California,Stockton,70,https://www.hrc.org/mei/search/california/stockton,5,5,0,0,0,0,5,5,0,0,0,0,55,0,0,2,0,0,2,0,0,7,7,0,0,0,0,0,0,0,0,0,0,0,0,0,0,0,0,0,10,12,0,0,0,0,,,,,,,,,,,,,,,,,,,,,
California,Sunnyvale,73,https://www.hrc.org/mei/search/california/sunnyvale,5,5,0,0,0,0,5,5,0,0,0,0,55,0,0,2,0,0,2,0,0,7,7,6,0,0,0,1,0,0,0,0,0,0,0,0,0,0,0,0,0,12,5,1,0,0,,,,,,,,,,,,,,,,,,,,,
California,Thousand Oaks,68,https://www.hrc.org/mei/search/california/thousand-oaks,5,5,0,0,0,0,5,5,0,0,0,0,55,0,0,2,0,0,2,0,0,7,7,6,0,0,0,1,0,0,0,0,0,0,0,0,0,0,0,0,0,12,1,0,0,0,,,,,,,,,,,,,,,,,,,,,
California,Torrance,58,https://www.hrc.org/mei/search/california/torrance,5,5,0,0,0,0,5,5,0,0,0,0,55,0,0,2,0,0,2,0,0,0,0,6,0,0,0,0,5,0,0,0,0,0,0,0,0,0,0,0,0,12,1,0,0,0,,,,,,,,,,,,,,,,,,,,,
California,Vallejo,81,https://www.hrc.org/mei/search/california/vallejo,5,5,0,0,0,0,5,5,0,0,0,0,55,0,0,2,0,0,2,0,0,7,7,6,3,3,0,0,0,5,0,0,0,0,0,0,0,0,0,0,0,12,4,0,0,0,,,,,,,,,,,,,,,,,,,,,
California,Visalia,62,https://www.hrc.org/mei/search/california/visalia,5,5,0,0,0,0,5,5,0,0,0,0,55,0,0,2,0,0,2,0,0,7,7,0,0,0,0,0,0,0,0,0,0,0,0,0,0,0,0,0,0,12,2,0,0,0,,,,,,,,,,,,,,,,,,,,,
California,West Hollywood,100,https://www.hrc.org/mei/search/california/west-hollywood,5,5,0,0,0,0,5,5,0,0,5,5,55,0,55,2,0,2,2,0,0,7,7,6,3,3,2,1,5,5,0,0,5,0,0,2,2,2,2,2,10,12,5,3,2,0,,,,,,,,,,,,,,,,,,,,,
Colorado,Aspen,60,https://www.hrc.org/mei/search/colorado/aspen,5,5,0,0,0,0,5,5,0,0,0,0,55,0,0,0,0,0,0,0,0,7,7,0,0,0,0,0,0,0,0,0,0,0,0,2,0,0,0,0,0,12,0,0,2,0,,,,,,,,,,,,,,,,,,,,,
Colorado,Aurora,63,https://www.hrc.org/mei/search/colorado/aurora,5,5,0,0,0,0,5,5,0,0,0,0,55,0,0,0,0,0,0,0,0,7,7,0,0,0,0,1,0,5,0,0,0,0,0,0,0,0,0,0,0,12,1,0,0,0,,,,,,,,,,,,,,,,,,,,,
Colorado,Boulder,92,https://www.hrc.org/mei/search/colorado/boulder,5,5,0,0,5,5,5,5,0,0,5,5,55,0,55,0,0,0,0,0,0,7,7,6,3,3,0,1,0,5,0,2,0,0,0,2,2,0,2,2,0,12,5,1,2,0,,,,,,,,,,,,,,,,,,,,,
Colorado,Colorado Springs,54,https://www.hrc.org/mei/search/colorado/colorado-springs,5,5,0,0,0,0,5,5,0,0,0,0,55,0,0,0,0,0,0,0,0,7,0,0,0,0,0,0,0,5,0,0,0,0,0,0,0,0,0,0,0,12,0,0,0,0,,,,,,,,,,,,,,,,,,,,,
Colorado,Denver,100,https://www.hrc.org/mei/search/colorado/denver,5,5,5,5,5,5,5,5,5,5,5,5,55,55,55,0,0,2,0,0,0,7,7,6,3,3,0,1,0,5,0,2,5,0,0,0,0,0,2,0,10,12,5,3,2,0,,,,,,,,,,,,,,,,,,,,,
Colorado,Fort Collins,83,https://www.hrc.org/mei/search/colorado/fort-collins,5,5,0,0,0,0,5,5,0,0,0,0,55,0,0,0,0,0,0,0,0,7,7,0,0,0,2,1,0,5,0,0,5,0,0,0,0,0,2,0,10,12,1,1,0,0,,,,,,,,,,,,,,,,,,,,,
Colorado,Lakewood,56,https://www.hrc.org/mei/search/colorado/lakewood,5,5,0,0,0,0,5,5,0,0,0,0,55,0,0,0,0,0,0,0,0,7,7,0,0,0,0,0,0,0,0,0,0,0,0,0,0,0,0,0,0,12,0,0,0,0,,,,,,,,,,,,,,,,,,,,,
Colorado,Littleton,49,https://www.hrc.org/mei/search/colorado/littleton,5,5,0,0,0,0,5,5,0,0,0,0,55,0,0,0,0,0,0,0,0,7,0,0,0,0,0,0,0,0,0,0,0,0,0,0,0,0,0,0,0,12,0,0,0,0,,,,,,,,,,,,,,,,,,,,,
Connecticut,Bridgeport,42,https://www.hrc.org/mei/search/connecticut/bridgeport,4,4,0,0,0,0,4,4,0,0,0,0,44,0,0,0,0,0,2,0,0,0,0,0,0,0,0,0,0,0,0,0,0,0,0,0,0,0,0,0,0,12,3,1,0,0,,,,,,,,,,,,,,,,,,,,,
Connecticut,Fairfield,39,https://www.hrc.org/mei/search/connecticut/fairfield,4,4,0,0,0,0,4,4,0,0,0,0,44,0,0,0,0,0,2,0,0,0,0,0,0,0,0,0,0,0,0,0,0,0,0,0,0,0,0,0,0,12,1,0,0,0,,,,,,,,,,,,,,,,,,,,,
Connecticut,Hartford,91,https://www.hrc.org/mei/search/connecticut/hartford,4,4,0,0,5,5,4,4,0,0,5,5,44,0,0,0,0,0,2,0,0,7,7,0,3,3,0,0,0,5,0,0,5,0,0,0,0,0,2,0,10,12,5,2,0,0,,,,,,,,,,,,,,,,,,,,,
Connecticut,New Britain,83,https://www.hrc.org/mei/search/connecticut/new-britain,4,4,0,0,0,0,4,4,0,0,5,5,44,0,0,0,0,0,2,0,0,7,7,0,0,0,0,0,0,5,0,2,0,0,0,0,0,0,2,0,10,12,5,3,2,0,,,,,,,,,,,,,,,,,,,,,
Connecticut,New Haven,83,https://www.hrc.org/mei/search/connecticut/new-haven,4,4,0,0,0,0,4,4,0,0,5,5,44,0,0,0,0,0,2,0,0,7,7,0,3,3,0,0,0,5,0,2,0,0,0,0,0,0,2,0,10,12,4,0,0,0,,,,,,,,,,,,,,,,,,,,,
Connecticut,Norwalk,71,https://www.hrc.org/mei/search/connecticut/norwalk,4,4,0,0,0,0,4,4,0,0,5,0,44,0,0,0,0,0,2,0,0,7,0,0,3,0,0,0,0,5,0,2,0,0,0,2,2,2,2,2,0,12,4,1,0,0,,,,,,,,,,,,,,,,,,,,,
Connecticut,Stamford,100,https://www.hrc.org/mei/search/connecticut/stamford,4,4,0,0,0,0,4,4,0,0,0,0,44,0,0,0,0,0,2,0,0,7,7,6,3,3,2,0,0,5,0,2,5,0,0,0,0,0,2,0,10,12,5,3,2,0,,,,,,,,,,,,,,,,,,,,,
Connecticut,Storrs,58,https://www.hrc.org/mei/search/connecticut/storrs,5,5,0,0,0,0,5,5,0,0,0,0,55,0,0,0,0,0,2,0,0,7,7,0,0,0,0,0,0,0,0,0,0,0,0,0,0,0,0,0,0,12,0,0,0,0,,,,,,,,,,,,,,,,,,,,,
Connecticut,Waterbury,57,https://www.hrc.org/mei/search/connecticut/waterbury,5,5,0,0,0,0,5,5,0,0,0,0,55,0,0,0,0,0,0,0,0,0,0,6,0,0,0,0,0,5,0,2,0,0,0,0,0,0,2,0,0,12,0,0,0,0,,,,,,,,,,,,,,,,,,,,,
Delaware,Bethany Beach,37,https://www.hrc.org/mei/search/delaware/bethany-beach,4,4,0,0,0,0,5,5,0,0,0,0,55,0,0,0,0,0,2,0,0,7,0,0,0,0,0,0,0,0,0,0,0,0,0,0,0,0,0,0,0,0,0,0,0,0,,,,,,,,,,,,,,,,,,,,,
Delaware,Dover,54,https://www.hrc.org/mei/search/delaware/dover,4,4,0,0,0,0,5,5,0,0,0,0,55,0,0,0,0,0,2,0,0,7,0,0,0,0,0,0,0,5,0,0,0,0,0,0,0,0,0,0,0,12,0,0,0,0,,,,,,,,,,,,,,,,,,,,,
Delaware,Middletown,30,https://www.hrc.org/mei/search/delaware/middletown,4,4,0,0,0,0,5,5,0,0,0,0,55,0,0,0,0,0,2,0,0,0,0,0,0,0,0,0,0,0,0,0,0,0,0,0,0,0,0,0,0,0,0,0,0,0,,,,,,,,,,,,,,,,,,,,,
Delaware,Milford,60,https://www.hrc.org/mei/search/delaware/milford,4,4,0,0,0,0,5,5,0,0,0,0,55,0,0,0,0,0,2,0,0,7,7,0,1,1,0,0,0,0,0,0,0,0,0,0,0,0,0,0,0,12,1,1,0,0,,,,,,,,,,,,,,,,,,,,,
Delaware,Newark,56,https://www.hrc.org/mei/search/delaware/newark,4,4,0,0,0,0,5,5,0,0,0,0,55,0,0,0,0,0,2,0,0,7,7,0,0,0,0,0,0,0,0,0,0,0,0,0,0,0,0,0,0,12,0,0,0,0,,,,,,,,,,,,,,,,,,,,,
Delaware,Rehoboth Beach,58,https://www.hrc.org/mei/search/delaware/rehoboth-beach,4,4,0,0,0,0,5,5,0,0,0,0,55,0,0,0,0,0,2,0,0,7,7,0,0,0,0,0,0,0,0,0,0,0,0,0,0,0,0,0,0,12,0,0,2,0,,,,,,,,,,,,,,,,,,,,,
Delaware,Smyrna,43,https://www.hrc.org/mei/search/delaware/smyrna,4,4,0,0,0,0,5,5,0,0,0,0,55,0,0,0,0,0,2,0,0,0,0,0,0,0,0,1,0,0,0,0,0,0,0,0,0,0,0,0,0,12,0,0,0,0,,,,,,,,,,,,,,,,,,,,,
Delaware,Wilmington,87,https://www.hrc.org/mei/search/delaware/wilmington,4,4,0,0,0,0,5,5,0,0,0,0,55,0,0,0,0,0,2,0,0,7,7,0,0,0,0,1,0,5,0,0,5,0,0,0,0,0,2,0,10,12,5,1,2,0,,,,,,,,,,,,,,,,,,,,,
Florida,Cape Coral,39,https://www.hrc.org/mei/search/florida/cape-coral,0,0,0,0,0,0,0,0,0,0,0,0,0,0,0,0,0,0,0,0,0,7,7,6,0,0,0,1,0,0,0,0,0,0,0,0,0,0,0,0,0,12,4,2,0,0,,,,,,,,,,,,,,,,,,,,,
Florida,Coral Gables,59,https://www.hrc.org/mei/search/florida/coral-gables,0,0,4,5,0,0,0,0,4,4,0,0,0,44,0,0,0,0,0,0,0,7,7,0,0,0,0,1,5,0,2,0,0,0,0,0,0,0,0,0,0,12,0,0,0,0,,,,,,,,,,,,,,,,,,,,,
Florida,Daytona Beach,30,https://www.hrc.org/mei/search/florida/daytona-beach,0,0,5,5,0,0,0,0,5,5,0,0,0,55,0,0,0,0,0,0,0,0,0,0,0,0,0,0,0,0,0,0,0,0,0,0,0,0,0,0,0,0,0,0,0,0,,,,,,,,,,,,,,,,,,,,,
Florida,Fort Lauderdale,98,https://www.hrc.org/mei/search/florida/fort-lauderdale,0,0,4,4,0,0,0,0,4,4,0,0,0,44,0,0,0,0,0,2,0,7,7,6,3,3,0,1,5,0,2,0,5,1,1,0,0,0,0,0,10,12,4,3,2,0,,,,,,,,,,,,,,,,,,,,,
Florida,Gainesville,96,https://www.hrc.org/mei/search/florida/gainesville,0,0,5,5,4,5,0,0,5,5,4,5,0,55,45,0,0,0,0,0,2,7,7,6,3,0,0,0,5,5,0,2,0,0,0,0,0,0,2,0,10,12,5,3,2,0,,,,,,,,,,,,,,,,,,,,,
Florida,Hialeah,39,https://www.hrc.org/mei/search/florida/hialeah,0,0,4,5,0,0,0,0,4,4,0,0,0,44,0,0,0,0,0,0,0,7,0,0,0,0,0,0,5,0,2,0,0,0,0,0,0,0,0,0,0,0,0,0,0,0,,,,,,,,,,,,,,,,,,,,,
Florida,Hollywood,46,https://www.hrc.org/mei/search/florida/hollywood,0,0,4,4,0,0,0,0,4,4,0,0,0,44,0,0,0,0,0,2,0,7,0,6,0,0,0,0,5,0,2,0,0,0,0,0,0,0,0,0,0,0,0,0,0,0,,,,,,,,,,,,,,,,,,,,,
Florida,Jacksonville,79,https://www.hrc.org/mei/search/florida/jacksonville,0,0,0,0,4,4,0,0,0,0,4,4,0,0,44,0,0,0,0,0,0,7,7,0,3,3,0,0,0,5,0,2,0,0,0,0,0,0,0,0,10,12,4,2,0,0,,,,,,,,,,,,,,,,,,,,,
Florida,Miami,55,https://www.hrc.org/mei/search/florida/miami,0,0,4,5,0,0,0,0,4,4,0,0,0,44,0,0,0,0,0,0,2,7,0,0,3,0,0,1,5,0,2,0,0,0,0,0,0,0,0,0,10,0,0,0,0,0,,,,,,,,,,,,,,,,,,,,,
Florida,Miami Shores,81,https://www.hrc.org/mei/search/florida/miami-shores,0,0,4,5,0,0,0,0,4,4,0,0,0,44,0,0,0,0,0,0,0,7,7,6,3,3,0,1,5,0,2,0,5,0,0,0,0,0,0,0,10,0,4,3,0,0,,,,,,,,,,,,,,,,,,,,,
Florida,Oakland Park,97,https://www.hrc.org/mei/search/florida/oakland-park,0,0,4,4,0,0,0,0,4,4,0,0,0,44,0,0,0,0,0,2,2,7,7,0,3,3,2,1,5,0,2,0,5,1,1,0,0,0,2,0,10,12,5,3,2,0,,,,,,,,,,,,,,,,,,,,,
Florida,Orlando,100,https://www.hrc.org/mei/search/florida/orlando,0,0,5,5,5,5,0,0,5,5,5,0,0,55,55,0,0,0,0,0,0,7,7,6,3,3,0,0,0,5,0,2,5,0,0,2,0,2,2,2,10,12,5,3,2,0,,,,,,,,,,,,,,,,,,,,,
Florida,Pembroke Pines,71,https://www.hrc.org/mei/search/florida/pembroke-pines,0,0,4,4,0,0,0,0,4,4,0,0,0,44,0,0,0,0,0,2,0,7,7,0,3,3,0,1,5,0,2,0,0,0,0,0,0,0,0,0,0,12,4,1,0,0,,,,,,,,,,,,,,,,,,,,,
Florida,Port Saint Lucie,39,https://www.hrc.org/mei/search/florida/port-saint-lucie,0,0,0,0,0,0,0,0,0,0,0,0,0,0,0,0,0,0,0,0,0,7,7,6,0,0,0,0,0,0,0,0,0,0,0,0,0,0,0,0,0,12,4,1,2,0,,,,,,,,,,,,,,,,,,,,,
Florida,St. Petersburg,100,https://www.hrc.org/mei/search/florida/st.-petersburg,0,0,5,5,5,0,0,0,5,5,5,0,0,52,50,0,0,0,0,0,0,7,7,6,3,3,0,0,5,5,0,2,5,0,0,2,2,2,2,2,10,12,5,3,2,0,,,,,,,,,,,,,,,,,,,,,
Florida,Tallahasee,99,https://www.hrc.org/mei/search/florida/tallahasee,0,0,5,5,0,0,0,0,5,5,0,0,0,55,0,0,0,0,0,0,0,7,7,6,1,1,0,1,0,5,0,0,5,1,1,2,0,0,2,0,10,12,5,1,2,0,,,,,,,,,,,,,,,,,,,,,
Florida,Tampa,100,https://www.hrc.org/mei/search/florida/tampa,0,0,5,5,4,4,0,0,5,5,4,4,0,55,44,0,0,0,0,0,2,7,7,0,3,3,0,1,0,5,0,2,5,1,1,2,0,0,2,2,10,12,5,3,0,0,,,,,,,,,,,,,,,,,,,,,
Florida,Wilton Manors,100,https://www.hrc.org/mei/search/florida/wilton-manors,0,0,4,4,0,0,0,0,4,4,0,0,0,44,0,0,0,0,0,2,2,7,7,6,3,3,0,1,5,0,2,0,5,1,1,2,0,2,2,2,10,12,5,3,2,0,,,,,,,,,,,,,,,,,,,,,
Georgia,Athens-Clarke,28,https://www.hrc.org/mei/search/georgia/athens-clarke,0,0,0,0,0,0,0,0,0,0,0,0,0,0,0,0,0,0,0,0,0,,,,,,,,0,0,0,0,,,,,,,,,,,,,,,7,7,0,0,0,0,0,0,0,0,0,0,0,0,0,0,12,1,1,0,0
Georgia,Atlanta,100,https://www.hrc.org/mei/search/georgia/atlanta,0,0,0,0,5,5,0,0,0,0,5,5,0,0,55,0,0,0,0,0,0,7,7,6,3,3,2,1,0,5,0,2,5,0,0,0,0,0,2,0,10,12,5,3,2,0,,,,,,,,,,,,,,,,,,,,,
Georgia,Augusta-Richmond,33,https://www.hrc.org/mei/search/georgia/augusta-richmond,0,0,0,0,0,0,0,0,0,0,0,0,0,0,0,0,0,0,0,0,0,,,,,,,,0,0,0,0,,,,,,,,,,,,,,,7,7,0,0,0,0,0,5,0,0,0,0,0,0,0,10,0,3,1,0,0
Georgia,Avondale Estates,18,https://www.hrc.org/mei/search/georgia/avondale-estates,0,0,0,0,0,0,0,0,0,0,0,0,0,0,0,0,0,0,0,0,0,7,7,0,0,0,0,0,0,0,0,0,0,0,0,0,0,0,0,0,0,0,3,1,0,0,,,,,,,,,,,,,,,,,,,,,
Georgia,Columbus,36,https://www.hrc.org/mei/search/georgia/columbus,0,0,0,0,0,0,0,0,0,0,0,0,0,0,0,0,0,0,0,0,0,7,7,0,3,3,0,0,0,5,0,0,5,0,0,0,0,0,2,0,0,0,3,1,0,0,,,,,,,,,,,,,,,,,,,,,
Georgia,Decatur,45,https://www.hrc.org/mei/search/georgia/decatur,0,0,0,0,0,0,0,0,0,0,0,0,0,0,0,0,0,0,0,0,0,7,7,0,3,3,0,0,0,5,0,0,5,0,0,0,0,0,0,0,10,0,4,1,0,0,,,,,,,,,,,,,,,,,,,,,
Georgia,North Druid Hills,0,https://www.hrc.org/mei/search/georgia/north-druid-hills,0,0,0,0,0,0,0,0,0,0,0,0,0,0,0,0,0,0,0,0,0,,,,,,,,0,0,0,0,,,,,,,,,,,,,,,0,0,0,0,0,0,0,0,0,0,0,0,0,0,0,0,0,0,0,0,0
Georgia,Roswell,5,https://www.hrc.org/mei/search/georgia/roswell,0,0,5,0,0,0,0,0,0,0,0,0,0,0,0,0,0,0,0,0,0,0,0,0,0,0,0,0,0,0,0,0,0,0,0,0,0,0,0,0,0,0,0,0,0,0,,,,,,,,,,,,,,,,,,,,,
Georgia,Sandy Springs,17,https://www.hrc.org/mei/search/georgia/sandy-springs,0,0,5,0,0,0,0,0,0,0,0,0,0,0,0,0,0,0,0,0,0,7,0,0,1,0,0,0,0,0,0,0,0,0,0,0,0,0,0,0,0,0,3,1,0,0,,,,,,,,,,,,,,,,,,,,,
Georgia,Savannah,40,https://www.hrc.org/mei/search/georgia/savannah,0,0,0,0,0,0,0,0,0,0,0,0,0,0,0,0,0,0,0,0,0,7,7,0,3,3,0,0,0,0,0,0,0,0,0,0,0,0,0,0,10,0,5,3,2,0,,,,,,,,,,,,,,,,,,,,,
Hawaii,Hawaii County,51,https://www.hrc.org/mei/search/hawaii/hawaii-county,5,5,0,0,0,0,4,4,0,0,0,0,55,0,0,0,0,0,2,0,0,,,,,,,,0,0,0,0,,,,,,,,,,,,,,,7,7,0,3,3,0,0,0,0,0,0,0,0,0,0,0,0,1,0,0,0
Hawaii,Honolulu County,48,https://www.hrc.org/mei/search/hawaii/honolulu-county,5,5,0,0,0,0,4,4,0,0,0,0,55,0,0,0,0,0,2,0,0,,,,,,,,0,0,0,0,,,,,,,,,,,,,,,7,7,0,0,0,0,0,0,0,0,0,0,0,0,0,0,0,4,0,0,0
Hawaii,Kalawao County,30,https://www.hrc.org/mei/search/hawaii/kalawao-county,5,5,0,0,0,0,4,4,0,0,0,0,55,0,0,0,0,0,2,0,0,,,,,,,,0,0,0,0,,,,,,,,,,,,,,,0,0,0,0,0,0,0,0,0,0,0,0,0,0,0,0,0,0,0,0,0
Hawaii,Kauai County,32,https://www.hrc.org/mei/search/hawaii/kauai-county,5,5,0,0,0,0,4,4,0,0,0,0,55,0,0,0,0,0,2,0,0,,,,,,,,0,0,0,0,,,,,,,,,,,,,,,0,0,0,0,0,0,0,0,0,0,0,0,0,0,0,0,0,2,0,0,0
Hawaii,Maui County,50,https://www.hrc.org/mei/search/hawaii/maui-county,5,5,0,0,0,0,4,4,0,0,0,0,55,0,0,0,0,0,2,0,0,,,,,,,,0,0,0,0,,,,,,,,,,,,,,,7,7,0,3,0,0,0,0,0,0,0,0,0,0,0,0,0,3,0,0,0
Idaho,Boise,73,https://www.hrc.org/mei/search/idaho/boise,0,0,0,0,5,5,0,0,0,0,5,5,0,0,55,0,0,0,0,0,0,7,7,0,0,0,0,0,0,0,0,0,0,0,0,0,0,0,0,0,10,12,5,2,0,0,,,,,,,,,,,,,,,,,,,,,
Idaho,Coeur d'Alene,66,https://www.hrc.org/mei/search/idaho/coeur-dalene,0,0,0,0,5,5,0,0,0,0,5,5,0,0,55,0,0,0,0,0,0,7,7,0,0,0,0,0,5,0,0,0,0,0,0,0,0,0,0,0,0,12,3,2,0,0,,,,,,,,,,,,,,,,,,,,,
Idaho,Idaho Falls,41,https://www.hrc.org/mei/search/idaho/idaho-falls,0,0,0,0,5,5,0,0,0,0,5,5,0,0,0,0,0,0,0,0,0,7,7,0,0,0,0,0,0,0,0,0,0,0,0,0,0,0,0,0,0,0,5,2,0,0,,,,,,,,,,,,,,,,,,,,,
Idaho,Meridian,26,https://www.hrc.org/mei/search/idaho/meridian,0,0,0,0,0,0,0,0,0,0,0,0,0,0,0,0,0,0,0,0,0,7,7,0,0,0,0,0,0,0,0,0,0,0,0,0,0,0,0,0,0,12,0,0,0,0,,,,,,,,,,,,,,,,,,,,,
Idaho,Moscow,69,https://www.hrc.org/mei/search/idaho/moscow,0,0,0,0,5,5,0,0,0,0,5,5,0,0,55,0,0,0,0,0,0,7,7,0,0,0,0,1,0,5,0,0,0,0,0,0,0,0,0,0,0,12,5,2,0,0,,,,,,,,,,,,,,,,,,,,,
Idaho,Nampa,18,https://www.hrc.org/mei/search/idaho/nampa,0,0,0,0,0,0,0,0,0,0,0,0,0,0,0,0,0,0,0,0,0,0,0,0,0,0,0,0,0,5,0,0,0,0,0,0,0,0,0,0,0,12,1,0,0,0,,,,,,,,,,,,,,,,,,,,,
Idaho,Pocatello,71,https://www.hrc.org/mei/search/idaho/pocatello,0,0,0,0,5,5,0,0,0,0,5,5,0,0,55,0,0,0,0,0,0,7,7,0,0,0,0,0,0,5,0,0,0,0,0,0,0,0,0,0,10,12,0,0,0,0,,,,,,,,,,,,,,,,,,,,,
Illinois,Aurora,78,https://www.hrc.org/mei/search/illinois/aurora1,5,5,0,0,5,5,5,5,0,0,5,5,55,0,55,0,0,0,2,0,0,7,7,0,0,0,0,0,0,5,0,2,0,0,0,0,0,0,0,0,10,12,1,0,2,0,,,,,,,,,,,,,,,,,,,,,
Illinois,Carbondale,40,https://www.hrc.org/mei/search/illinois/carbondale,5,5,0,0,0,0,5,5,0,0,5,5,55,0,0,0,0,0,2,0,0,0,0,0,3,0,0,0,0,5,0,0,0,0,0,0,0,0,0,0,0,0,0,0,0,0,,,,,,,,,,,,,,,,,,,,,
Illinois,Champaign,76,https://www.hrc.org/mei/search/illinois/champaign,5,5,0,0,5,5,5,5,0,0,5,5,55,0,52,0,0,0,2,0,0,7,0,0,3,0,2,0,0,5,0,2,5,0,0,0,0,0,0,0,0,12,5,1,2,0,,,,,,,,,,,,,,,,,,,,,
Illinois,Chicago,100,https://www.hrc.org/mei/search/illinois/chicago,5,5,5,5,5,5,5,5,5,5,5,5,55,55,55,0,0,0,2,0,0,7,7,6,3,3,0,1,0,5,0,2,0,0,0,0,0,2,2,0,10,12,5,3,2,0,,,,,,,,,,,,,,,,,,,,,
Illinois,Joliet,73,https://www.hrc.org/mei/search/illinois/joliet,5,5,0,0,0,0,5,5,0,0,0,0,55,0,0,0,0,0,2,0,0,7,0,0,0,0,0,0,0,5,0,0,5,0,0,0,0,0,0,0,10,12,2,0,0,0,,,,,,,,,,,,,,,,,,,,,
Illinois,Napersville,63,https://www.hrc.org/mei/search/illinois/napersville,5,5,0,0,0,0,5,5,0,0,5,5,55,0,0,0,0,0,2,0,0,7,7,0,3,3,0,0,0,0,0,0,0,0,0,0,0,0,0,0,10,0,0,1,0,0,,,,,,,,,,,,,,,,,,,,,
Illinois,Peoria,64,https://www.hrc.org/mei/search/illinois/peoria1,5,5,0,0,5,5,5,5,0,0,5,5,55,0,55,0,0,0,2,0,0,7,0,0,3,3,0,0,0,5,0,2,0,0,0,0,0,0,0,0,0,12,0,0,0,0,,,,,,,,,,,,,,,,,,,,,
Illinois,Rockford,59,https://www.hrc.org/mei/search/illinois/rockford,5,5,0,0,0,0,5,5,0,0,0,0,55,0,0,0,0,0,2,0,0,7,7,0,0,0,0,0,0,0,0,0,0,0,0,0,0,0,0,0,0,12,1,0,0,0,,,,,,,,,,,,,,,,,,,,,
Illinois,Springfield,66,https://www.hrc.org/mei/search/illinois/springfield,5,5,0,0,5,0,5,5,0,0,5,0,55,0,50,0,0,0,2,0,0,7,0,0,3,0,0,1,0,5,0,2,0,0,0,0,0,0,0,0,0,12,4,0,0,0,,,,,,,,,,,,,,,,,,,,,
Indiana,Bloomington,100,https://www.hrc.org/mei/search/indiana/bloomington,0,0,5,5,5,5,0,0,5,5,5,5,0,55,55,0,0,1,0,0,0,7,7,6,3,3,2,1,0,5,0,2,5,0,0,0,0,0,2,0,10,12,5,3,0,0,,,,,,,,,,,,,,,,,,,,,
Indiana,Evansville,82,https://www.hrc.org/mei/search/indiana/evansville,0,0,5,5,0,0,0,0,5,5,5,5,0,55,50,0,0,0,0,0,0,7,7,0,3,3,0,0,0,5,0,2,5,0,0,0,0,0,0,0,10,0,5,3,2,0,,,,,,,,,,,,,,,,,,,,,
Indiana,Fort Wayne,40,https://www.hrc.org/mei/search/indiana/fort-wayne,0,0,0,0,5,0,0,0,0,0,0,0,0,0,50,0,0,0,0,0,0,7,0,0,3,0,0,0,0,5,0,2,0,0,0,0,0,0,0,0,0,12,1,0,0,0,,,,,,,,,,,,,,,,,,,,,
Indiana,Hammond,59,https://www.hrc.org/mei/search/indiana/hammond,0,0,0,0,5,5,0,0,0,0,5,5,0,0,55,0,0,0,0,0,0,7,7,0,0,0,0,0,0,5,0,2,0,0,0,0,0,0,0,0,0,0,5,3,0,0,,,,,,,,,,,,,,,,,,,,,
Indiana,Indianapolis,89,https://www.hrc.org/mei/search/indiana/indianapolis,0,0,0,0,5,5,0,0,0,0,5,5,0,0,55,0,0,0,0,0,0,7,7,0,3,3,0,1,0,5,0,2,0,0,0,0,0,0,0,0,10,12,5,2,2,0,,,,,,,,,,,,,,,,,,,,,
Indiana,Muncie,69,https://www.hrc.org/mei/search/indiana/muncie,0,0,0,0,5,5,0,0,0,0,5,5,0,0,55,0,0,0,0,0,0,7,7,0,0,0,0,0,0,5,0,0,0,0,0,0,0,0,0,0,0,12,5,3,0,0,,,,,,,,,,,,,,,,,,,,,
Indiana,South Bend,70,https://www.hrc.org/mei/search/indiana/south-bend,0,0,0,0,4,4,0,0,0,0,5,5,0,0,55,0,0,0,0,0,0,7,7,0,1,1,0,0,0,5,0,2,0,0,0,0,0,0,0,0,0,12,5,2,0,0,,,,,,,,,,,,,,,,,,,,,
Indiana,Terre Haute,52,https://www.hrc.org/mei/search/indiana/terre-haute,0,0,0,0,5,5,0,0,0,0,5,5,0,0,55,0,0,0,0,0,0,0,0,0,3,3,0,0,0,5,0,0,0,0,0,0,0,0,0,0,10,0,1,0,0,0,,,,,,,,,,,,,,,,,,,,,
Indiana,West Lafayette,45,https://www.hrc.org/mei/search/indiana/west-lafayette,0,0,5,0,0,0,0,0,5,0,0,0,0,0,0,0,0,0,0,0,0,0,0,6,0,0,0,0,5,5,0,2,5,0,0,0,0,0,0,0,10,0,5,2,0,0,,,,,,,,,,,,,,,,,,,,,
Iowa,Ames,82,https://www.hrc.org/mei/search/iowa/ames,4,4,0,0,4,4,4,4,0,0,5,5,44,0,55,0,0,0,0,0,0,7,7,0,0,0,0,0,0,5,0,2,5,0,0,2,0,0,0,0,10,12,2,0,2,0,,,,,,,,,,,,,,,,,,,,,
Iowa,Cedar Rapids,100,https://www.hrc.org/mei/search/iowa/cedar-rapids,4,4,0,0,5,5,4,4,0,0,5,5,44,0,55,0,0,0,0,0,0,7,7,6,3,3,2,0,0,5,0,2,5,0,0,0,0,0,0,0,10,12,5,3,0,0,,,,,,,,,,,,,,,,,,,,,
Iowa,Davenport,80,https://www.hrc.org/mei/search/iowa/davenport,4,4,0,0,5,5,4,4,0,0,5,5,44,0,55,0,0,0,0,0,0,7,7,0,3,3,0,0,0,5,0,2,5,1,1,0,0,0,0,0,10,0,5,1,0,0,,,,,,,,,,,,,,,,,,,,,
Iowa,Des Moines,93,https://www.hrc.org/mei/search/iowa/des-moines,4,4,0,0,4,4,4,4,0,0,4,4,44,0,44,0,0,0,0,0,0,7,7,6,3,3,2,0,0,5,0,2,5,0,0,0,0,0,0,0,10,12,4,3,0,0,,,,,,,,,,,,,,,,,,,,,
Iowa,Dubuque,100,https://www.hrc.org/mei/search/iowa/dubuque,4,4,0,0,4,5,4,4,0,0,5,5,44,0,55,0,0,0,0,0,0,7,7,6,1,1,2,1,0,5,0,2,5,0,0,2,0,0,0,0,10,12,5,3,2,0,,,,,,,,,,,,,,,,,,,,,
Iowa,Iowa City,100,https://www.hrc.org/mei/search/iowa/iowa-city,4,4,5,0,5,5,4,4,5,0,5,5,44,50,55,0,0,1,0,0,0,7,7,6,3,3,2,0,0,5,0,2,5,0,0,2,0,2,2,2,10,12,5,3,0,0,,,,,,,,,,,,,,,,,,,,,
Iowa,Sioux City,67,https://www.hrc.org/mei/search/iowa/sioux-city,4,4,0,0,4,4,4,4,0,0,4,4,44,0,44,0,0,0,0,0,0,7,7,0,3,3,0,0,0,5,0,2,0,0,0,0,2,0,0,0,10,0,3,1,0,0,,,,,,,,,,,,,,,,,,,,,
Iowa,Waterloo,59,https://www.hrc.org/mei/search/iowa/waterloo,4,4,0,0,4,4,4,4,0,0,5,5,44,0,44,0,0,0,0,0,0,7,7,0,0,0,0,0,0,5,0,2,0,0,0,0,0,0,0,0,0,12,0,0,0,0,,,,,,,,,,,,,,,,,,,,,
Iowa,West Des Moines,93,https://www.hrc.org/mei/search/iowa/west-des-moines,4,4,0,0,0,0,4,4,0,0,0,0,44,0,0,0,0,1,0,0,0,7,7,6,3,3,2,0,0,5,0,0,5,1,1,0,0,0,0,0,10,12,3,3,0,0,,,,,,,,,,,,,,,,,,,,,
Kansas,Emporia,33,https://www.hrc.org/mei/search/kansas/emporia,0,0,0,0,0,0,0,0,0,0,0,0,0,0,0,0,0,0,0,0,0,7,7,0,0,0,0,0,0,5,0,2,0,0,0,0,0,0,0,0,0,12,0,0,0,0,,,,,,,,,,,,,,,,,,,,,
Kansas,Hutchinson,31,https://www.hrc.org/mei/search/kansas/hutchinson,0,0,0,0,0,0,0,0,0,0,0,0,0,0,0,0,0,0,0,0,0,7,7,0,0,0,0,0,0,5,0,0,0,0,0,0,0,0,0,0,0,12,0,0,0,0,,,,,,,,,,,,,,,,,,,,,
Kansas,Kansas City,55,https://www.hrc.org/mei/search/kansas/kansas-city,0,0,0,0,5,5,0,0,0,0,5,5,0,0,55,0,0,0,0,0,0,7,7,0,0,0,0,0,5,0,0,0,0,0,0,0,0,0,0,0,0,0,5,1,0,0,,,,,,,,,,,,,,,,,,,,,
Kansas,Lawrence,62,https://www.hrc.org/mei/search/kansas/lawrence,0,0,0,0,5,5,0,0,0,0,5,5,0,0,55,0,0,0,0,0,0,7,7,0,0,0,0,0,0,5,0,2,5,0,0,0,0,2,2,0,0,0,1,1,0,0,,,,,,,,,,,,,,,,,,,,,
Kansas,Manhattan,73,https://www.hrc.org/mei/search/kansas/manhattan,0,0,0,0,5,5,0,0,0,0,5,5,0,0,55,0,0,0,0,0,0,7,7,0,0,0,0,0,0,5,0,2,0,0,0,0,0,0,0,0,0,12,5,3,2,0,,,,,,,,,,,,,,,,,,,,,
Kansas,Olathe,28,https://www.hrc.org/mei/search/kansas/olathe,0,0,0,0,0,0,0,0,0,0,0,0,0,0,0,0,0,1,0,0,0,7,7,0,0,0,0,0,0,5,0,2,0,0,0,2,0,0,0,0,0,0,2,2,0,0,,,,,,,,,,,,,,,,,,,,,
Kansas,Overland Park,32,https://www.hrc.org/mei/search/kansas/overland-park,0,0,0,0,0,0,0,0,0,0,0,0,0,0,0,0,0,0,0,0,0,7,0,6,0,0,0,0,0,5,0,2,0,0,0,0,0,0,0,0,0,12,0,0,0,0,,,,,,,,,,,,,,,,,,,,,
Kansas,Topeka,37,https://www.hrc.org/mei/search/kansas/topeka,0,0,0,0,0,0,0,0,0,0,0,0,0,0,0,0,0,0,0,0,0,7,7,0,1,0,0,0,0,5,0,0,0,0,0,0,0,0,0,0,0,12,4,1,0,0,,,,,,,,,,,,,,,,,,,,,
Kansas,Wichita,22,https://www.hrc.org/mei/search/kansas/wichita,0,0,0,0,0,0,0,0,0,0,0,0,0,0,0,0,0,0,0,0,0,0,0,0,0,0,0,0,0,0,0,0,0,0,0,0,0,0,0,0,10,12,0,0,0,0,,,,,,,,,,,,,,,,,,,,,
Kentucky,Berea,35,https://www.hrc.org/mei/search/kentucky/berea,0,0,0,0,0,0,0,0,0,0,0,0,0,0,0,0,0,0,0,0,0,7,7,0,0,0,0,0,0,5,0,0,0,0,0,0,0,0,0,0,0,12,3,1,0,0,,,,,,,,,,,,,,,,,,,,,
Kentucky,Bowling Green,17,https://www.hrc.org/mei/search/kentucky/bowling-green,0,0,0,0,0,0,0,0,0,0,0,0,0,0,0,0,0,0,0,0,0,0,0,0,0,0,0,0,0,5,0,0,0,0,0,0,0,0,0,0,0,12,0,0,0,0,,,,,,,,,,,,,,,,,,,,,
Kentucky,Covington,74,https://www.hrc.org/mei/search/kentucky/covington,0,0,0,0,4,4,0,0,0,0,5,5,0,0,52,0,0,0,0,0,0,7,7,0,0,0,0,0,0,5,0,2,0,0,0,0,0,0,0,0,10,12,5,1,0,0,,,,,,,,,,,,,,,,,,,,,
Kentucky,Frankfort,66,https://www.hrc.org/mei/search/kentucky/frankfort,0,0,0,0,5,5,0,0,0,0,5,5,0,0,52,0,0,0,0,0,0,7,7,0,0,0,0,0,0,5,0,2,0,0,0,0,0,0,0,0,0,12,2,2,2,0,,,,,,,,,,,,,,,,,,,,,
Kentucky,Lexington,89,https://www.hrc.org/mei/search/kentucky/lexington,0,0,4,4,4,4,0,0,4,4,5,5,0,44,55,0,0,0,0,0,0,7,7,0,0,1,0,0,0,5,0,2,5,0,0,0,0,0,2,0,10,12,5,3,2,0,,,,,,,,,,,,,,,,,,,,,
Kentucky,Louisville,100,https://www.hrc.org/mei/search/kentucky/louisville,0,0,0,0,4,4,0,0,0,0,5,5,0,0,55,0,0,0,0,0,0,7,7,6,3,3,0,1,0,5,0,2,5,0,0,0,2,0,2,0,10,12,5,3,0,0,,,,,,,,,,,,,,,,,,,,,
Kentucky,Morehead,55,https://www.hrc.org/mei/search/kentucky/morehead,0,0,0,0,4,4,0,0,0,0,4,4,0,0,44,0,0,0,0,0,0,7,7,0,0,0,0,0,0,5,0,0,0,0,0,0,0,0,0,0,0,12,0,0,0,0,,,,,,,,,,,,,,,,,,,,,
Kentucky,Owensboro,18,https://www.hrc.org/mei/search/kentucky/owensboro,0,0,0,0,0,0,0,0,0,0,0,0,0,0,0,0,0,0,0,0,0,0,0,0,0,0,0,0,0,5,0,0,0,0,0,0,0,0,0,0,0,12,1,0,0,0,,,,,,,,,,,,,,,,,,,,,
Louisiana,Alexandria,48,https://www.hrc.org/mei/search/louisiana/alexandria,0,0,0,0,0,0,0,0,0,0,0,0,0,0,0,0,0,0,0,0,0,7,7,0,1,0,0,0,0,5,0,2,5,0,0,0,0,0,2,0,10,0,5,2,2,0,,,,,,,,,,,,,,,,,,,,,
Louisiana,Baton Rouge,42,https://www.hrc.org/mei/search/louisiana/baton-rouge,0,0,0,0,0,0,0,0,0,0,0,0,0,0,0,0,0,0,0,0,0,7,7,0,1,1,0,0,0,0,0,0,5,0,0,2,2,0,2,0,0,12,3,0,0,0,,,,,,,,,,,,,,,,,,,,,
Louisiana,Lafayette,14,https://www.hrc.org/mei/search/louisiana/lafayette,0,0,0,0,0,0,0,0,0,0,0,0,0,0,0,0,0,0,0,0,0,7,7,0,0,0,0,0,0,0,0,0,0,0,0,0,0,0,0,0,0,0,0,0,0,0,,,,,,,,,,,,,,,,,,,,,
Louisiana,Lake Charles,0,https://www.hrc.org/mei/search/louisiana/lake-charles,0,0,0,0,0,0,0,0,0,0,0,0,0,0,0,0,0,0,0,0,0,0,0,0,0,0,0,0,0,0,0,0,0,0,0,0,0,0,0,0,0,0,0,0,0,0,,,,,,,,,,,,,,,,,,,,,
Louisiana,Metairie,29,https://www.hrc.org/mei/search/louisiana/metairie,0,0,0,0,0,0,0,0,0,0,0,0,0,0,0,0,0,0,0,0,0,,,,,,,,0,0,0,0,,,,,,,,,,,,,,,7,7,0,0,0,0,0,0,0,0,0,0,0,2,0,0,12,1,0,0,0
Louisiana,Monroe,0,https://www.hrc.org/mei/search/louisiana/monroe,0,0,0,0,0,0,0,0,0,0,0,0,0,0,0,0,0,0,0,0,0,0,0,0,0,0,0,0,0,0,0,0,0,0,0,0,0,0,0,0,0,0,0,0,0,0,,,,,,,,,,,,,,,,,,,,,
Louisiana,New Orleans,97,https://www.hrc.org/mei/search/louisiana/new-orleans,0,0,0,0,5,5,0,0,0,0,5,5,0,0,55,0,0,0,0,0,0,7,7,0,3,3,0,1,0,5,0,2,5,0,0,0,2,0,0,0,10,12,5,2,0,3,,,,,,,,,,,,,,,,,,,,,
Louisiana,Shreveport,77,https://www.hrc.org/mei/search/louisiana/shreveport,0,0,0,0,5,5,0,0,0,0,5,5,0,0,55,0,0,0,0,0,0,7,7,0,3,3,0,0,0,5,0,2,0,0,0,0,0,0,0,0,0,12,5,3,0,0,,,,,,,,,,,,,,,,,,,,,
Maine,Auburn,46,https://www.hrc.org/mei/search/maine/auburn1,4,4,0,0,0,0,4,4,0,0,0,0,55,0,0,0,0,0,0,0,0,7,0,0,0,0,0,0,0,0,0,0,0,0,0,0,0,0,0,0,0,12,1,0,0,0,,,,,,,,,,,,,,,,,,,,,
Maine,Augusta,50,https://www.hrc.org/mei/search/maine/augusta,4,4,0,0,0,0,4,4,0,0,0,0,55,0,0,0,0,0,0,0,0,7,0,0,0,0,0,0,0,0,0,0,0,0,0,2,0,0,0,0,0,12,1,0,2,0,,,,,,,,,,,,,,,,,,,,,
Maine,Bangor,53,https://www.hrc.org/mei/search/maine/bangor,4,4,0,0,5,0,4,4,0,0,5,0,55,0,50,0,0,0,0,0,0,7,0,0,0,0,0,1,0,0,0,0,0,0,0,0,0,0,0,0,0,12,5,0,0,0,,,,,,,,,,,,,,,,,,,,,
Maine,Brunswick,33,https://www.hrc.org/mei/search/maine/brunswick,4,4,0,0,0,0,4,4,0,0,0,0,55,0,0,0,0,0,0,0,0,7,0,0,0,0,0,0,0,0,0,0,0,0,0,0,0,0,0,0,0,0,0,0,0,0,,,,,,,,,,,,,,,,,,,,,
Maine,Lewiston,45,https://www.hrc.org/mei/search/maine/lewiston,4,4,0,0,0,0,4,4,0,0,0,0,55,0,0,0,0,0,0,0,0,7,0,0,0,0,0,0,0,0,0,0,0,0,0,0,0,0,0,0,0,12,0,0,0,0,,,,,,,,,,,,,,,,,,,,,
Maine,Orono,26,https://www.hrc.org/mei/search/maine/orono,4,4,0,0,4,0,4,4,0,0,4,0,55,0,40,0,0,0,0,0,0,0,0,0,0,0,0,0,0,0,0,0,0,0,0,0,0,0,0,0,0,0,0,0,0,0,,,,,,,,,,,,,,,,,,,,,
Maine,Portland,86,https://www.hrc.org/mei/search/maine/portland,4,4,0,0,4,0,4,4,0,0,4,0,55,0,40,0,0,1,0,0,0,7,7,6,3,3,2,1,0,0,0,0,0,0,0,0,0,0,0,0,10,12,5,3,0,0,,,,,,,,,,,,,,,,,,,,,
Maine,Scarborough,59,https://www.hrc.org/mei/search/maine/scarborough,4,4,0,0,5,5,4,4,0,0,0,0,55,0,0,0,0,0,0,0,0,7,7,0,0,0,0,1,0,0,0,0,0,0,0,0,0,0,0,2,0,12,0,0,2,0,,,,,,,,,,,,,,,,,,,,,
Maine,South Portland,52,https://www.hrc.org/mei/search/maine/south-portland,4,4,0,0,4,0,4,4,0,0,4,0,55,0,40,0,0,0,0,0,0,7,7,0,0,0,0,0,0,0,0,0,0,0,0,0,0,0,0,0,0,12,0,0,0,0,,,,,,,,,,,,,,,,,,,,,
Maryland,Annapolis,59,https://www.hrc.org/mei/search/maryland/annapolis,4,4,0,0,0,0,5,5,0,0,5,0,55,0,0,0,0,0,2,0,0,7,0,0,0,0,0,0,5,5,0,2,0,0,0,0,0,0,2,0,0,12,1,0,0,0,,,,,,,,,,,,,,,,,,,,,
Maryland,Baltimore,89,https://www.hrc.org/mei/search/maryland/baltimore,4,4,0,0,5,5,5,5,0,0,5,5,55,0,55,0,0,0,2,0,0,7,7,0,3,3,0,0,0,5,0,2,0,0,0,0,0,0,0,0,10,12,5,3,0,0,,,,,,,,,,,,,,,,,,,,,
Maryland,Bowie,58,https://www.hrc.org/mei/search/maryland/bowie,4,4,5,0,0,0,5,5,5,0,0,0,55,50,0,0,0,0,2,0,0,7,0,0,1,0,0,0,5,0,2,0,0,0,0,0,0,0,0,0,0,12,0,0,0,0,,,,,,,,,,,,,,,,,,,,,
Maryland,College Park,86,https://www.hrc.org/mei/search/maryland/college-park,4,4,5,0,5,5,5,5,5,0,5,5,55,50,55,0,0,0,2,0,0,7,7,0,3,3,0,1,5,0,2,0,0,0,0,2,0,0,2,0,0,12,5,3,2,0,,,,,,,,,,,,,,,,,,,,,
Maryland,Columbia,100,https://www.hrc.org/mei/search/maryland/columbia,4,4,5,5,0,0,5,5,5,5,0,0,55,55,0,0,0,0,2,0,0,,,,,,,,5,0,2,0,,,,,,,,,,,,,,,7,7,6,3,3,0,0,5,0,0,2,2,2,2,2,10,12,4,0,0,0
Maryland,Frederick,100,https://www.hrc.org/mei/search/maryland/frederick,4,4,0,0,0,0,5,5,0,0,5,5,55,0,0,0,0,0,2,0,0,7,7,6,3,3,0,0,5,0,2,0,5,0,0,0,0,0,2,0,10,12,5,3,0,0,,,,,,,,,,,,,,,,,,,,,
Maryland,Gaithersburg,57,https://www.hrc.org/mei/search/maryland/gaithersburg,4,4,5,5,0,0,5,5,5,5,0,0,55,55,0,0,0,0,2,0,0,7,7,0,1,0,0,0,5,0,2,0,0,0,0,0,0,0,0,0,0,0,3,0,0,0,,,,,,,,,,,,,,,,,,,,,
Maryland,Hagerstown,32,https://www.hrc.org/mei/search/maryland/hagerstown,4,4,0,0,0,0,5,5,0,0,0,0,55,0,0,0,0,0,2,0,0,0,0,0,0,0,0,0,0,0,0,0,0,0,0,0,0,0,0,0,0,0,2,0,0,0,,,,,,,,,,,,,,,,,,,,,
Maryland,Rockville,100,https://www.hrc.org/mei/search/maryland/rockville,4,4,5,5,5,5,5,5,5,5,5,5,55,55,55,0,0,0,2,0,0,7,7,6,3,3,0,0,5,5,0,2,5,0,0,2,2,2,0,0,10,12,5,3,0,0,,,,,,,,,,,,,,,,,,,,,
Maryland,Towson,91,https://www.hrc.org/mei/search/maryland/towson,4,4,5,5,0,0,5,5,5,5,0,0,55,55,0,0,0,0,2,0,0,,,,,,,,5,0,2,0,,,,,,,,,,,,,,,7,7,6,0,0,0,0,5,0,0,0,0,0,2,0,10,12,2,1,0,0
Massachusetts,Amherst,76,https://www.hrc.org/mei/search/massachusetts/amherst,5,5,0,0,5,5,5,5,0,0,5,5,55,0,55,0,0,1,0,0,0,7,7,0,0,0,0,0,0,5,0,2,5,0,0,0,0,2,0,0,0,12,2,1,2,0,,,,,,,,,,,,,,,,,,,,,
Massachusetts,Arlington,98,https://www.hrc.org/mei/search/massachusetts/arlington,5,5,0,0,5,5,5,5,0,0,5,5,55,0,55,0,0,0,0,0,0,7,7,6,0,0,0,0,0,5,0,2,5,0,0,2,0,2,0,0,10,12,5,3,2,0,,,,,,,,,,,,,,,,,,,,,
Massachusetts,Boston,100,https://www.hrc.org/mei/search/massachusetts/boston,5,5,0,0,5,5,5,5,0,0,5,5,55,0,55,0,0,0,0,0,0,7,7,6,3,3,0,0,0,5,0,2,5,0,0,0,0,2,2,0,10,12,5,3,2,0,,,,,,,,,,,,,,,,,,,,,
Massachusetts,Cambridge,100,https://www.hrc.org/mei/search/massachusetts/cambridge,5,5,0,0,5,5,5,5,0,0,5,5,55,0,55,0,0,1,0,0,0,7,7,6,3,3,2,1,0,5,0,2,5,0,0,2,2,2,2,0,10,12,5,3,2,0,,,,,,,,,,,,,,,,,,,,,
Massachusetts,Lowell,48,https://www.hrc.org/mei/search/massachusetts/lowell,5,5,0,0,0,0,5,5,0,0,0,0,55,0,0,0,0,0,0,0,0,0,0,6,0,0,0,0,0,0,0,0,0,0,0,0,0,0,0,0,0,12,0,0,0,0,,,,,,,,,,,,,,,,,,,,,
Massachusetts,Northampton,100,https://www.hrc.org/mei/search/massachusetts/northampton,5,5,0,0,0,0,5,5,0,0,0,0,55,0,0,0,0,0,0,0,0,7,7,6,1,1,0,0,0,5,0,2,5,1,1,2,0,2,0,0,10,12,5,3,2,0,,,,,,,,,,,,,,,,,,,,,
Massachusetts,Provincetown,100,https://www.hrc.org/mei/search/massachusetts/provincetown,5,5,5,0,0,0,5,5,5,0,0,0,55,50,0,0,0,0,0,0,0,7,7,6,3,0,0,0,5,0,2,0,5,1,1,0,0,2,0,0,10,12,5,2,2,0,,,,,,,,,,,,,,,,,,,,,
Massachusetts,Salem,100,https://www.hrc.org/mei/search/massachusetts/salem,5,5,0,0,5,5,5,5,0,0,5,5,55,0,55,0,0,0,0,0,0,7,7,6,3,3,2,0,0,5,0,2,5,0,0,0,0,0,0,0,10,12,5,3,2,0,,,,,,,,,,,,,,,,,,,,,
Massachusetts,Springfield,60,https://www.hrc.org/mei/search/massachusetts/springfield1,5,5,0,0,0,0,5,5,0,0,0,0,55,0,0,0,0,0,0,0,0,7,0,6,0,0,0,0,0,0,0,0,0,0,0,0,0,0,0,0,0,12,5,0,0,0,,,,,,,,,,,,,,,,,,,,,
Massachusetts,Worcester,100,https://www.hrc.org/mei/search/massachusetts/worcester,5,5,0,0,5,5,5,5,0,0,5,5,55,0,55,0,0,0,0,0,0,7,7,6,3,3,0,0,0,5,0,2,5,0,0,2,2,2,2,0,10,12,5,2,0,0,,,,,,,,,,,,,,,,,,,,,
Michigan,Ann Arbor,100,https://www.hrc.org/mei/search/michigan/ann-arbor,0,0,0,0,5,5,0,0,0,0,5,5,0,0,55,0,0,0,0,0,0,7,7,6,3,3,2,1,0,5,0,2,5,0,0,2,0,0,2,0,10,12,5,3,0,0,,,,,,,,,,,,,,,,,,,,,
Michigan,Detroit,100,https://www.hrc.org/mei/search/michigan/detroit,0,0,0,0,5,5,0,0,0,0,5,5,0,0,52,0,0,0,0,0,0,7,7,6,3,3,2,1,0,5,0,2,5,0,0,2,2,0,2,0,10,12,5,0,2,0,,,,,,,,,,,,,,,,,,,,,
Michigan,East Lansing,100,https://www.hrc.org/mei/search/michigan/east-lansing,0,0,0,0,5,5,0,0,0,0,5,5,0,0,55,0,0,0,0,0,0,7,7,6,3,3,0,1,0,5,0,2,5,0,0,0,0,0,0,0,10,12,5,3,2,3,,,,,,,,,,,,,,,,,,,,,
Michigan,Ferndale,100,https://www.hrc.org/mei/search/michigan/ferndale,0,0,0,0,5,5,0,0,0,0,5,5,0,0,55,0,0,0,0,0,0,7,7,6,3,3,0,0,0,0,0,0,5,0,0,2,2,2,0,2,10,12,5,3,2,0,,,,,,,,,,,,,,,,,,,,,
Michigan,Grand Rapids,76,https://www.hrc.org/mei/search/michigan/grand-rapids,0,0,0,0,5,5,0,0,0,0,5,5,0,0,55,0,0,0,0,0,0,7,7,0,3,3,0,0,0,5,0,2,0,0,0,0,0,0,0,0,0,12,5,0,2,0,,,,,,,,,,,,,,,,,,,,,
Michigan,Kalamazoo,74,https://www.hrc.org/mei/search/michigan/kalamazoo,0,0,0,0,5,5,0,0,0,0,5,5,0,0,55,0,0,0,0,0,0,7,7,0,3,3,0,0,0,5,0,0,0,0,0,0,0,0,0,0,0,12,5,0,2,0,,,,,,,,,,,,,,,,,,,,,
Michigan,Lansing,76,https://www.hrc.org/mei/search/michigan/lansing,0,0,0,0,5,5,0,0,0,0,5,5,0,0,55,0,0,0,0,0,0,7,7,0,0,0,0,0,0,5,0,2,5,0,0,0,0,0,0,0,0,12,5,1,2,0,,,,,,,,,,,,,,,,,,,,,
Michigan,Pleasant Ridge,55,https://www.hrc.org/mei/search/michigan/pleasant-ridge,0,0,0,0,5,5,0,0,0,0,5,5,0,0,55,0,0,0,0,0,0,7,0,0,0,0,0,0,0,0,0,0,0,0,0,0,0,0,0,0,0,12,5,1,0,0,,,,,,,,,,,,,,,,,,,,,
Michigan,Sterling Heights,20,https://www.hrc.org/mei/search/michigan/sterling-heights,0,0,0,0,0,0,0,0,0,0,0,0,0,2,0,0,0,0,0,0,0,0,0,0,0,0,0,0,0,0,0,0,0,0,0,0,0,0,0,0,0,12,5,1,0,0,,,,,,,,,,,,,,,,,,,,,
Michigan,Traverse City,84,https://www.hrc.org/mei/search/michigan/traverse-city,0,0,0,0,5,5,0,0,0,0,5,5,0,0,55,0,0,0,0,0,0,7,7,0,3,3,0,0,0,5,0,0,0,0,0,0,0,0,0,0,10,12,4,1,2,0,,,,,,,,,,,,,,,,,,,,,
Michigan,Warren,14,https://www.hrc.org/mei/search/michigan/warren,0,0,0,0,0,0,0,0,0,0,0,0,0,2,0,0,0,0,0,0,0,0,0,0,0,0,0,0,0,0,0,0,0,0,0,0,0,0,0,0,0,12,0,0,0,0,,,,,,,,,,,,,,,,,,,,,
Minnesota,Bloomington,48,https://www.hrc.org/mei/search/minnesota/bloomington1,4,4,0,0,0,0,4,4,0,0,0,0,44,0,0,0,0,0,0,0,0,7,0,0,0,0,0,0,0,5,0,0,0,0,0,0,0,0,0,0,0,12,0,0,0,0,,,,,,,,,,,,,,,,,,,,,
Minnesota,Duluth,57,https://www.hrc.org/mei/search/minnesota/duluth,4,4,0,0,4,0,4,4,0,0,4,0,44,0,40,0,0,0,0,0,0,7,0,0,0,0,0,0,0,5,0,2,0,0,0,0,0,0,0,0,0,12,5,0,2,0,,,,,,,,,,,,,,,,,,,,,
Minnesota,Eden Prairie,51,https://www.hrc.org/mei/search/minnesota/eden-prairie,4,4,0,0,0,0,4,4,0,0,0,0,44,0,0,0,0,0,0,0,0,7,0,0,3,0,0,0,0,5,0,0,0,0,0,0,0,0,0,0,0,12,0,0,0,0,,,,,,,,,,,,,,,,,,,,,
Minnesota,Minneapolis,100,https://www.hrc.org/mei/search/minnesota/minneapolis,4,4,0,0,5,5,4,4,0,0,5,5,44,0,55,0,0,0,0,0,0,7,7,6,3,3,0,0,0,5,0,2,5,0,0,0,0,0,0,0,10,12,5,3,2,0,,,,,,,,,,,,,,,,,,,,,
Minnesota,Minnetonka,43,https://www.hrc.org/mei/search/minnesota/minnetonka,4,4,0,0,0,0,4,4,0,0,0,0,44,0,0,0,0,0,0,0,0,7,0,0,0,0,0,0,0,0,0,0,0,0,0,0,0,0,0,0,0,12,0,0,0,0,,,,,,,,,,,,,,,,,,,,,
Minnesota,Rochester,64,https://www.hrc.org/mei/search/minnesota/rochester,4,4,0,0,0,0,4,4,0,0,0,0,44,0,0,0,0,0,0,0,0,7,7,0,0,0,0,0,5,0,2,0,0,0,0,2,0,0,0,2,0,12,3,0,0,0,,,,,,,,,,,,,,,,,,,,,
Minnesota,Saint Cloud,48,https://www.hrc.org/mei/search/minnesota/saint-cloud,4,4,0,0,0,0,4,4,0,0,0,0,44,0,0,0,0,0,0,0,0,7,0,0,0,0,0,0,0,5,0,0,0,0,0,0,0,0,0,0,0,12,0,0,0,0,,,,,,,,,,,,,,,,,,,,,
Minnesota,Saint Paul,100,https://www.hrc.org/mei/search/minnesota/saint-paul,4,4,0,0,5,5,4,4,0,0,5,5,44,0,52,0,0,1,0,0,0,7,7,6,3,3,2,0,0,5,0,2,5,0,0,0,0,0,2,0,10,12,5,3,0,0,,,,,,,,,,,,,,,,,,,,,
Mississippi,Bay St. Louis,3,https://www.hrc.org/mei/search/mississippi/bay-st.-louis,0,0,0,0,0,0,0,0,0,0,0,0,0,0,0,0,0,0,0,0,0,0,0,0,0,0,0,0,0,0,0,0,0,0,0,0,0,0,0,0,0,0,3,0,0,0,,,,,,,,,,,,,,,,,,,,,
Mississippi,Biloxi,15,https://www.hrc.org/mei/search/mississippi/biloxi,0,0,0,0,0,0,0,0,0,0,0,0,0,0,0,0,0,0,0,0,0,0,0,0,0,0,0,0,0,0,0,0,0,0,0,0,0,0,0,0,0,12,3,0,0,0,,,,,,,,,,,,,,,,,,,,,
Mississippi,Gulfport,13,https://www.hrc.org/mei/search/mississippi/gulfport,0,0,0,0,0,0,0,0,0,0,0,0,0,0,0,0,0,0,0,0,0,0,0,0,0,0,0,0,0,0,0,0,0,0,0,0,0,0,0,0,0,12,1,0,0,0,,,,,,,,,,,,,,,,,,,,,
Mississippi,Hattiesburg,33,https://www.hrc.org/mei/search/mississippi/hattiesburg,0,0,0,0,0,0,0,0,0,0,0,0,0,0,0,0,0,0,0,0,0,7,7,0,0,0,0,0,0,0,0,0,5,0,0,0,0,0,0,0,10,0,3,1,0,0,,,,,,,,,,,,,,,,,,,,,
Mississippi,Jackson,65,https://www.hrc.org/mei/search/mississippi/jackson,0,0,0,0,5,5,0,0,0,0,5,5,0,0,55,0,0,0,0,0,0,7,7,0,3,3,0,0,0,5,0,2,0,0,0,0,0,0,0,0,0,0,5,3,0,0,,,,,,,,,,,,,,,,,,,,,
Mississippi,Ocean Springs,4,https://www.hrc.org/mei/search/mississippi/ocean-springs,0,0,0,0,0,0,0,0,0,0,0,0,0,0,0,0,0,0,0,0,0,0,0,0,0,0,0,0,0,0,0,0,0,0,0,0,0,0,0,0,0,0,4,0,0,0,,,,,,,,,,,,,,,,,,,,,
Mississippi,Oxford,17,https://www.hrc.org/mei/search/mississippi/oxford,0,0,0,0,0,0,0,0,0,0,0,0,0,0,0,0,0,0,0,0,0,7,7,0,0,0,0,0,0,0,0,0,0,0,0,0,0,0,0,0,0,0,3,0,0,0,,,,,,,,,,,,,,,,,,,,,
Mississippi,Southaven,0,https://www.hrc.org/mei/search/mississippi/southaven,0,0,0,0,0,0,0,0,0,0,0,0,0,0,0,0,0,0,0,0,0,0,0,0,0,0,0,0,0,0,0,0,0,0,0,0,0,0,0,0,0,0,0,0,0,0,,,,,,,,,,,,,,,,,,,,,
Mississippi,Starkville,14,https://www.hrc.org/mei/search/mississippi/starkville,0,0,0,0,0,0,0,0,0,0,0,0,0,0,0,0,0,0,0,0,0,7,7,0,0,0,0,0,0,0,0,0,0,0,0,0,0,0,0,0,0,0,0,0,0,0,,,,,,,,,,,,,,,,,,,,,
Missouri,Cape Girardeau,0,https://www.hrc.org/mei/search/missouri/cape-girardeau,0,0,0,0,0,0,0,0,0,0,0,0,0,0,0,0,0,0,0,0,0,0,0,0,0,0,0,0,0,0,0,0,0,0,0,0,0,0,0,0,0,0,0,0,0,0,,,,,,,,,,,,,,,,,,,,,
Missouri,Columbia,100,https://www.hrc.org/mei/search/missouri/columbia1,0,0,0,0,4,5,0,0,0,0,5,5,0,0,55,0,0,0,0,0,0,7,7,6,1,1,2,1,0,5,0,2,5,1,1,0,0,0,2,2,10,12,5,3,0,0,,,,,,,,,,,,,,,,,,,,,
Missouri,Independence,18,https://www.hrc.org/mei/search/missouri/independence,0,0,0,0,0,0,0,0,0,0,0,0,0,0,0,0,0,0,0,0,0,0,0,0,0,0,0,0,0,5,0,0,0,0,0,0,0,0,0,0,0,12,1,0,0,0,,,,,,,,,,,,,,,,,,,,,
Missouri,Jefferson City,20,https://www.hrc.org/mei/search/missouri/jefferson-city,0,0,0,0,0,0,0,0,0,0,0,0,0,0,0,0,0,0,0,0,0,0,0,6,0,0,2,0,0,5,0,0,5,0,0,0,0,0,0,0,0,0,1,1,0,0,,,,,,,,,,,,,,,,,,,,,
Missouri,Kansas City,97,https://www.hrc.org/mei/search/missouri/kansas-city1,0,0,0,0,4,4,0,0,0,0,4,4,0,0,55,0,0,0,0,0,0,7,7,0,3,3,0,1,0,5,0,2,5,0,0,2,0,0,2,2,10,12,5,3,2,0,,,,,,,,,,,,,,,,,,,,,
Missouri,Springfield,19,https://www.hrc.org/mei/search/missouri/springfield2,0,0,0,0,0,0,0,0,0,0,0,0,0,0,0,0,0,0,0,0,0,0,0,0,0,0,0,0,0,5,0,0,0,0,0,0,0,0,0,0,0,12,1,1,0,0,,,,,,,,,,,,,,,,,,,,,
Missouri,St. Charles,39,https://www.hrc.org/mei/search/missouri/st.-charles,0,0,0,0,5,0,0,0,0,0,5,0,0,0,50,0,0,0,0,0,0,7,0,0,0,0,0,0,0,5,0,0,0,0,0,0,0,0,0,0,0,12,0,0,0,0,,,,,,,,,,,,,,,,,,,,,
Missouri,St. Louis,100,https://www.hrc.org/mei/search/missouri/st.-louis,0,0,0,0,5,5,0,0,0,0,5,5,0,0,55,0,0,0,0,0,0,7,7,6,3,3,0,1,0,5,0,2,5,0,0,0,0,0,2,0,10,12,5,3,2,3,,,,,,,,,,,,,,,,,,,,,
Montana,Billings,20,https://www.hrc.org/mei/search/montana/billings,0,0,0,0,0,0,0,0,0,0,0,0,0,0,0,0,0,0,0,0,0,0,0,0,1,1,0,0,0,5,0,0,0,0,0,0,0,0,0,0,0,12,1,0,0,0,,,,,,,,,,,,,,,,,,,,,
Montana,Bozeman,60,https://www.hrc.org/mei/search/montana/bozeman,0,0,0,0,5,5,0,0,0,0,5,5,0,0,55,0,0,0,0,0,0,7,7,0,3,3,0,0,0,0,0,0,0,0,0,0,0,0,0,0,0,0,5,2,0,3,,,,,,,,,,,,,,,,,,,,,
Montana,Butte-Silver Bow,36,https://www.hrc.org/mei/search/montana/butte-silver-bow,0,0,0,0,5,5,0,0,0,0,5,5,0,0,55,0,0,0,0,0,0,0,0,0,3,3,0,0,0,0,0,0,0,0,0,0,0,0,0,0,0,0,0,0,0,0,,,,,,,,,,,,,,,,,,,,,
Montana,Great Falls,0,https://www.hrc.org/mei/search/montana/great-falls,0,0,0,0,0,0,0,0,0,0,0,0,0,0,0,0,0,0,0,0,0,0,0,0,0,0,0,0,0,0,0,0,0,0,0,0,0,0,0,0,0,0,0,0,0,0,,,,,,,,,,,,,,,,,,,,,
Montana,Helena,58,https://www.hrc.org/mei/search/montana/helena,0,0,0,0,5,5,0,0,0,0,5,5,0,0,52,0,0,0,0,0,0,7,7,0,1,1,0,0,0,0,0,0,0,0,0,0,0,0,0,0,0,12,3,0,0,0,,,,,,,,,,,,,,,,,,,,,
Montana,Kalispel,12,https://www.hrc.org/mei/search/montana/kalispel,0,0,0,0,0,0,0,0,0,0,0,0,0,0,0,0,0,0,0,0,0,0,0,0,0,0,0,0,0,0,0,0,0,0,0,0,0,0,0,0,0,12,0,0,0,0,,,,,,,,,,,,,,,,,,,,,
Montana,Missoula,100,https://www.hrc.org/mei/search/montana/missoula,0,0,0,0,5,5,0,0,0,0,5,5,0,0,55,0,0,0,0,0,0,7,7,6,3,3,2,1,0,0,0,0,5,0,0,0,0,0,2,0,10,12,5,3,2,3,,,,,,,,,,,,,,,,,,,,,
Montana,Whitefish,58,https://www.hrc.org/mei/search/montana/whitefish,0,0,0,0,5,5,0,0,0,0,5,5,0,0,55,0,0,0,0,0,0,7,0,0,0,0,0,1,0,0,0,0,0,0,0,0,0,0,0,0,0,12,5,3,0,0,,,,,,,,,,,,,,,,,,,,,
Nebraska,Bellevue,14,https://www.hrc.org/mei/search/nebraska/bellevue,0,0,0,0,0,0,0,0,0,0,0,0,0,0,0,0,0,0,0,0,0,7,7,0,0,0,0,0,0,0,0,0,0,0,0,0,0,0,0,0,0,0,0,0,0,0,,,,,,,,,,,,,,,,,,,,,
Nebraska,Fremont,12,https://www.hrc.org/mei/search/nebraska/fremont1,0,0,0,0,0,0,0,0,0,0,0,0,0,0,0,0,0,0,0,0,0,0,0,0,0,0,0,0,0,0,0,0,0,0,0,0,0,0,0,0,0,12,0,0,0,0,,,,,,,,,,,,,,,,,,,,,
Nebraska,Grand Island,20,https://www.hrc.org/mei/search/nebraska/grand-island,0,0,0,0,0,0,0,0,0,0,0,0,0,0,0,0,0,0,0,0,0,7,0,0,0,0,0,0,0,0,0,0,0,0,0,0,0,0,0,0,0,12,1,0,0,0,,,,,,,,,,,,,,,,,,,,,
Nebraska,Kearney,12,https://www.hrc.org/mei/search/nebraska/kearney,0,0,0,0,0,0,0,0,0,0,0,0,0,0,0,0,0,0,0,0,0,0,0,0,0,0,0,0,0,0,0,0,0,0,0,0,0,0,0,0,0,12,0,0,0,0,,,,,,,,,,,,,,,,,,,,,
Nebraska,Lincoln,48,https://www.hrc.org/mei/search/nebraska/lincoln,0,0,0,0,0,0,0,0,0,0,0,0,0,0,0,0,0,0,0,0,0,7,0,0,0,0,0,0,0,5,0,2,5,0,0,0,0,0,2,0,10,12,4,1,0,0,,,,,,,,,,,,,,,,,,,,,
Nebraska,North Platte,12,https://www.hrc.org/mei/search/nebraska/north-platte,0,0,0,0,0,0,0,0,0,0,0,0,0,0,0,0,0,0,0,0,0,0,0,0,0,0,0,0,0,0,0,0,0,0,0,0,0,0,0,0,0,12,0,0,0,0,,,,,,,,,,,,,,,,,,,,,
Nebraska,Omaha,64,https://www.hrc.org/mei/search/nebraska/omaha,0,0,0,0,4,4,0,0,0,0,0,0,0,0,44,0,0,0,0,0,0,7,7,0,3,3,0,0,0,5,0,2,5,0,0,0,0,0,0,0,0,12,4,0,0,0,,,,,,,,,,,,,,,,,,,,,
Nevada,Carson City,50,https://www.hrc.org/mei/search/nevada/carson-city,4,4,0,0,0,0,5,5,0,0,0,0,55,0,0,0,0,0,2,0,0,7,7,0,3,3,0,0,0,0,0,0,0,0,0,0,0,0,0,0,0,0,0,0,0,0,,,,,,,,,,,,,,,,,,,,,
Nevada,Elko,50,https://www.hrc.org/mei/search/nevada/elko,4,4,0,0,0,0,5,5,0,0,0,0,55,0,0,0,0,0,2,0,0,7,7,0,3,3,0,0,0,0,0,0,0,0,0,0,0,0,0,0,0,0,0,0,0,0,,,,,,,,,,,,,,,,,,,,,
Nevada,Enterprise,100,https://www.hrc.org/mei/search/nevada/enterprise,4,4,0,0,0,0,5,5,0,0,0,0,55,0,0,0,0,0,2,0,0,,,,,,,,0,0,0,0,,,,,,,,,,,,,,,7,7,6,3,3,2,0,5,0,0,2,2,2,2,0,10,12,5,3,0,0
Nevada,Henderson,69,https://www.hrc.org/mei/search/nevada/henderson,4,4,0,0,0,0,5,5,0,0,0,0,55,0,0,0,0,0,2,0,0,7,7,0,1,1,2,0,0,0,0,0,0,0,0,0,0,0,0,0,5,12,4,0,0,0,,,,,,,,,,,,,,,,,,,,,
Nevada,Las Vegas,100,https://www.hrc.org/mei/search/nevada/las-vegas,4,4,0,0,0,0,5,5,0,0,0,0,55,0,0,0,0,0,2,0,0,7,7,6,3,3,0,1,0,0,0,0,5,0,0,2,2,2,2,2,10,12,5,1,2,0,,,,,,,,,,,,,,,,,,,,,
Nevada,Mesquite,31,https://www.hrc.org/mei/search/nevada/mesquite,4,4,0,0,0,0,5,5,0,0,0,0,55,0,0,0,0,0,2,0,0,0,0,0,0,0,0,0,0,0,0,0,0,0,0,0,0,0,0,0,0,0,1,0,0,0,,,,,,,,,,,,,,,,,,,,,
Nevada,North Las Vegas,49,https://www.hrc.org/mei/search/nevada/north-las-vegas,4,4,0,0,0,0,5,5,0,0,0,0,55,0,0,0,0,0,2,0,0,7,0,0,0,0,0,0,0,0,0,0,0,0,0,0,0,0,0,0,0,12,0,0,0,0,,,,,,,,,,,,,,,,,,,,,
Nevada,Paradise,100,https://www.hrc.org/mei/search/nevada/paradise,4,4,0,0,0,0,5,5,0,0,0,0,55,0,0,0,0,0,2,0,0,,,,,,,,0,0,0,0,,,,,,,,,,,,,,,7,7,6,3,3,2,0,5,0,0,2,2,2,2,0,10,12,5,3,0,0
Nevada,Reno,100,https://www.hrc.org/mei/search/nevada/reno,4,4,0,0,0,0,5,5,0,0,0,0,55,0,0,0,0,0,2,0,0,7,7,6,3,3,2,0,0,5,0,0,5,0,0,0,2,0,2,0,10,12,5,3,0,0,,,,,,,,,,,,,,,,,,,,,
Nevada,Sparks,44,https://www.hrc.org/mei/search/nevada/sparks,4,4,0,0,0,0,5,5,0,0,0,0,55,0,0,0,0,0,2,0,0,7,0,6,1,0,0,0,0,0,0,0,0,0,0,0,0,0,0,0,0,0,0,0,0,0,,,,,,,,,,,,,,,,,,,,,
New Hampshire,Concord,66,https://www.hrc.org/mei/search/new-hampshire/concord1,5,5,0,0,0,0,5,5,0,0,0,0,55,0,0,0,0,0,2,0,0,7,7,6,0,0,2,0,0,0,0,0,0,0,0,0,0,0,0,0,0,12,0,0,0,0,,,,,,,,,,,,,,,,,,,,,
New Hampshire,Derry,58,https://www.hrc.org/mei/search/new-hampshire/derry,5,5,0,0,0,0,5,5,0,0,0,0,55,0,0,0,0,0,2,0,0,7,7,0,0,0,0,0,0,0,0,0,0,0,0,0,0,0,0,0,0,12,0,0,0,0,,,,,,,,,,,,,,,,,,,,,
New Hampshire,Dover,61,https://www.hrc.org/mei/search/new-hampshire/dover1,5,5,0,0,0,0,5,5,0,0,0,0,55,0,0,0,0,0,2,0,0,7,0,0,0,0,0,0,0,5,0,0,0,0,0,0,0,0,0,0,0,12,4,1,0,0,,,,,,,,,,,,,,,,,,,,,
New Hampshire,Durham,88,https://www.hrc.org/mei/search/new-hampshire/durham,5,5,0,0,0,0,5,5,0,0,0,0,55,0,0,0,0,0,2,0,0,7,7,0,0,0,0,0,5,5,0,0,5,0,0,0,0,0,2,0,10,12,5,3,0,0,,,,,,,,,,,,,,,,,,,,,
New Hampshire,Keene,69,https://www.hrc.org/mei/search/new-hampshire/keene,5,5,0,0,0,0,5,5,0,0,0,0,55,0,0,0,0,0,2,0,0,7,7,0,0,0,0,0,0,5,0,0,0,0,0,0,0,0,2,0,0,12,2,2,0,0,,,,,,,,,,,,,,,,,,,,,
New Hampshire,Manchester,61,https://www.hrc.org/mei/search/new-hampshire/manchester,5,5,0,0,0,0,5,5,0,0,0,0,55,0,0,0,0,0,2,0,0,7,7,0,1,0,0,0,0,0,0,0,0,0,0,0,0,0,0,0,0,12,2,0,0,0,,,,,,,,,,,,,,,,,,,,,
New Hampshire,Nashua,52,https://www.hrc.org/mei/search/new-hampshire/nashua,5,5,0,0,0,0,5,5,0,0,0,0,55,0,0,0,0,0,2,0,0,7,7,0,1,0,0,0,0,0,0,0,0,0,0,0,0,0,0,0,0,0,4,1,0,0,,,,,,,,,,,,,,,,,,,,,
New Hampshire,Plymouth,44,https://www.hrc.org/mei/search/new-hampshire/plymouth,5,5,0,0,0,0,5,5,0,0,0,0,55,0,0,0,0,0,2,0,0,0,0,0,0,0,0,0,0,0,0,0,0,0,0,0,0,0,0,0,0,12,0,0,0,0,,,,,,,,,,,,,,,,,,,,,
New Hampshire,Portsmouth,48,https://www.hrc.org/mei/search/new-hampshire/portsmouth,5,5,0,0,0,0,5,5,0,0,0,0,55,0,0,0,0,0,2,0,0,7,0,0,0,0,0,0,0,0,0,0,0,0,0,0,0,0,0,0,0,0,5,2,2,0,,,,,,,,,,,,,,,,,,,,,
New Hampshire,Rochester,51,https://www.hrc.org/mei/search/new-hampshire/rochester1,5,5,0,0,0,0,5,5,0,0,0,0,55,0,0,0,0,0,2,0,0,7,0,0,0,0,0,0,0,0,0,0,0,0,0,0,0,0,0,0,0,12,0,0,0,0,,,,,,,,,,,,,,,,,,,,,
New Jersey,Asbury Park,95,https://www.hrc.org/mei/search/new-jersey/asbury-park,5,5,0,0,0,0,5,5,0,0,0,0,55,0,0,0,0,0,2,0,0,7,7,6,3,3,0,0,5,0,2,0,0,0,0,0,0,0,0,0,10,12,4,2,2,0,,,,,,,,,,,,,,,,,,,,,
New Jersey,Elizabeth,59,https://www.hrc.org/mei/search/new-jersey/elizabeth,5,5,0,0,0,0,5,5,0,0,0,0,55,0,0,0,0,0,2,0,0,7,7,0,3,3,0,0,5,5,0,2,0,0,0,0,0,0,0,0,0,0,0,0,0,0,,,,,,,,,,,,,,,,,,,,,
New Jersey,Hoboken,100,https://www.hrc.org/mei/search/new-jersey/hoboken,5,5,0,0,0,0,5,5,0,0,0,0,55,0,0,0,0,2,2,0,0,7,7,6,3,3,0,0,0,0,0,0,5,0,0,2,2,0,2,0,10,12,5,3,2,0,,,,,,,,,,,,,,,,,,,,,
New Jersey,Jersey City,100,https://www.hrc.org/mei/search/new-jersey/jersey-city,5,5,0,0,0,0,5,5,0,0,0,0,55,0,0,0,0,1,2,0,0,7,7,6,3,3,0,0,0,5,0,2,5,0,0,0,0,0,0,0,10,12,5,3,2,0,,,,,,,,,,,,,,,,,,,,,
New Jersey,Lambertville,91,https://www.hrc.org/mei/search/new-jersey/lambertville,5,5,0,0,0,0,5,5,0,0,0,0,55,0,0,0,0,1,2,0,0,7,7,6,3,3,0,0,0,5,0,0,5,0,0,0,0,0,2,0,10,0,5,3,2,0,,,,,,,,,,,,,,,,,,,,,
New Jersey,Montclair,58,https://www.hrc.org/mei/search/new-jersey/montclair,5,5,0,0,0,0,5,5,0,0,0,0,55,0,0,0,0,0,2,0,0,7,0,0,0,0,0,0,0,5,0,2,0,0,0,0,0,0,0,0,0,12,0,0,0,0,,,,,,,,,,,,,,,,,,,,,
New Jersey,New Brunswick,51,https://www.hrc.org/mei/search/new-jersey/new-brunswick,5,5,0,0,0,0,5,5,0,0,0,0,55,0,0,0,0,0,2,0,0,7,0,0,0,0,0,0,0,0,0,0,0,0,0,0,0,0,0,0,0,12,0,0,0,0,,,,,,,,,,,,,,,,,,,,,
New Jersey,Newark,64,https://www.hrc.org/mei/search/new-jersey/newark1,5,5,0,0,0,0,5,5,0,0,0,0,55,0,0,0,0,0,2,0,0,7,0,0,0,0,0,0,0,0,0,0,5,0,0,0,0,0,0,0,0,12,5,3,0,0,,,,,,,,,,,,,,,,,,,,,
New Jersey,Ocean Grove,60,https://www.hrc.org/mei/search/new-jersey/ocean-grove,5,5,0,0,0,0,5,5,0,0,0,0,55,0,0,0,0,0,2,0,0,7,0,0,0,0,0,0,0,5,0,2,0,0,0,0,0,0,0,0,0,12,2,0,0,0,,,,,,,,,,,,,,,,,,,,,
New Jersey,Paterson,62,https://www.hrc.org/mei/search/new-jersey/paterson,5,5,0,0,0,0,5,5,0,0,0,0,55,0,0,0,0,0,2,0,0,7,7,0,0,0,0,0,0,0,0,0,0,0,0,0,0,0,0,0,0,12,2,2,0,0,,,,,,,,,,,,,,,,,,,,,
New Jersey,Princeton,84,https://www.hrc.org/mei/search/new-jersey/princeton,5,5,0,0,0,0,5,5,0,0,0,0,55,0,0,0,0,0,2,0,0,7,7,6,1,1,2,0,0,5,0,2,0,0,0,2,0,0,2,0,0,12,3,2,0,0,,,,,,,,,,,,,,,,,,,,,
New Jersey,Trenton,61,https://www.hrc.org/mei/search/new-jersey/trenton,5,5,0,0,0,0,5,5,0,0,0,0,55,0,0,0,0,0,2,0,0,0,0,0,3,3,0,0,0,5,0,2,0,0,0,0,0,0,2,0,0,12,0,0,2,0,,,,,,,,,,,,,,,,,,,,,
New Mexico,Albuquerque,74,https://www.hrc.org/mei/search/new-mexico/albuquerque,4,4,0,0,0,0,4,4,0,0,0,0,55,0,0,0,0,0,2,0,0,7,7,0,1,0,2,1,0,5,0,2,0,0,0,0,0,0,2,0,0,12,5,0,2,0,,,,,,,,,,,,,,,,,,,,,
New Mexico,Eldorado at Santa Fe,44,https://www.hrc.org/mei/search/new-mexico/eldorado-at-santa-fe,4,4,0,0,0,0,4,4,4,4,0,0,55,0,0,0,0,0,2,0,0,,,,,,,,0,0,0,0,,,,,,,,,,,,,,,7,7,0,1,1,0,0,0,0,0,0,0,0,0,0,0,0,0,0,0,0
New Mexico,Farmington,45,https://www.hrc.org/mei/search/new-mexico/farmington,4,4,0,0,0,0,4,4,0,0,0,0,55,0,0,0,0,0,2,0,0,0,0,0,0,0,0,0,0,5,0,2,0,0,0,0,0,0,0,0,5,0,4,1,0,0,,,,,,,,,,,,,,,,,,,,,
New Mexico,Gallup,35,https://www.hrc.org/mei/search/new-mexico/gallup,4,4,0,0,0,0,4,4,0,0,0,0,55,0,0,0,0,0,2,0,0,7,0,0,0,0,0,0,0,0,0,0,0,0,0,0,0,0,0,0,0,0,0,0,0,0,,,,,,,,,,,,,,,,,,,,,
New Mexico,Las Cruces,47,https://www.hrc.org/mei/search/new-mexico/las-cruces,4,4,0,0,0,0,4,4,0,0,5,5,55,0,0,0,0,0,2,0,0,7,7,0,0,0,0,1,0,0,0,0,0,0,0,0,0,0,0,0,0,0,2,0,0,0,,,,,,,,,,,,,,,,,,,,,
New Mexico,Rio Rancho,42,https://www.hrc.org/mei/search/new-mexico/rio-rancho,4,4,0,0,0,0,4,4,0,0,0,0,55,0,0,0,0,0,2,0,0,7,7,0,0,0,0,0,0,0,0,0,0,0,0,0,0,0,0,0,0,0,0,0,0,0,,,,,,,,,,,,,,,,,,,,,
New Mexico,Roswell,42,https://www.hrc.org/mei/search/new-mexico/roswell1,4,4,0,0,0,0,4,4,0,0,0,0,55,0,0,0,0,0,2,0,0,7,7,0,0,0,0,0,0,0,0,0,0,0,0,0,0,0,0,0,0,0,0,0,0,0,,,,,,,,,,,,,,,,,,,,,
New Mexico,Santa Fe,65,https://www.hrc.org/mei/search/new-mexico/santa-fe,4,4,0,0,0,0,4,4,5,5,0,0,55,0,0,0,0,2,2,0,0,7,7,0,3,3,0,1,0,0,0,0,0,0,0,0,0,0,2,0,0,0,5,3,2,0,,,,,,,,,,,,,,,,,,,,,
New York,Albany,100,https://www.hrc.org/mei/search/new-york/albany,5,5,0,0,5,5,5,5,0,0,5,5,55,0,55,0,0,0,2,0,2,7,7,6,3,3,0,1,0,5,0,2,5,0,0,2,2,0,2,2,10,12,5,3,2,0,,,,,,,,,,,,,,,,,,,,,
New York,Brookhaven,59,https://www.hrc.org/mei/search/new-york/brookhaven,5,5,5,5,0,0,5,5,5,5,0,0,55,52,0,0,0,0,2,0,0,7,0,0,3,0,0,0,0,5,0,0,0,0,0,0,0,0,0,0,0,12,0,0,0,0,,,,,,,,,,,,,,,,,,,,,
New York,Buffalo,87,https://www.hrc.org/mei/search/new-york/buffalo,5,5,0,0,5,5,5,5,0,0,5,5,55,0,55,0,0,0,2,2,0,7,7,6,3,3,0,0,0,5,0,2,0,0,0,0,2,0,0,0,0,12,5,3,0,0,,,,,,,,,,,,,,,,,,,,,
New York,Ithaca,85,https://www.hrc.org/mei/search/new-york/ithaca,5,5,5,5,5,5,5,5,5,5,5,5,55,55,55,0,0,0,2,0,0,7,7,6,3,3,2,1,5,0,0,0,0,0,0,0,0,0,0,0,0,12,5,2,0,0,,,,,,,,,,,,,,,,,,,,,
New York,New York,100,https://www.hrc.org/mei/search/new-york/new-york,5,5,0,0,5,5,5,5,0,0,5,5,55,0,55,0,0,2,2,0,2,7,7,6,3,3,0,1,0,5,0,2,5,0,0,2,2,2,2,2,10,12,5,3,2,0,,,,,,,,,,,,,,,,,,,,,
New York,Northwest Harbor,54,https://www.hrc.org/mei/search/new-york/northwest-harbor,5,5,5,5,0,0,5,5,5,5,0,0,55,52,0,0,0,0,2,0,0,0,0,0,3,0,0,0,5,0,2,0,0,0,0,0,0,0,0,0,0,12,0,0,0,0,,,,,,,,,,,,,,,,,,,,,
New York,Rochester,100,https://www.hrc.org/mei/search/new-york/rochester2,5,5,0,0,5,5,5,5,0,0,5,5,55,0,55,0,0,0,2,0,0,7,7,6,3,3,0,1,0,0,0,0,5,0,0,2,0,0,2,0,10,12,5,3,2,0,,,,,,,,,,,,,,,,,,,,,
New York,Syracuse,84,https://www.hrc.org/mei/search/new-york/syracuse,5,5,0,0,5,5,5,5,0,0,5,5,55,0,55,0,0,0,2,0,0,7,7,0,3,3,0,1,0,5,0,2,0,0,0,2,0,0,0,2,10,0,5,3,2,0,,,,,,,,,,,,,,,,,,,,,
New York,White Plains,89,https://www.hrc.org/mei/search/new-york/white-plains,5,5,5,5,0,0,5,5,5,5,0,0,55,55,0,0,0,0,2,0,0,7,7,0,0,0,2,0,5,0,2,0,5,0,0,0,0,0,0,0,10,12,4,1,2,0,,,,,,,,,,,,,,,,,,,,,
New York,Yonkers,100,https://www.hrc.org/mei/search/new-york/yonkers,5,5,5,5,0,0,5,5,5,5,0,0,55,52,0,0,0,0,2,0,0,7,7,6,3,0,0,0,0,5,0,2,5,0,0,0,0,0,2,0,10,12,5,2,2,0,,,,,,,,,,,,,,,,,,,,,
North Carolina,Carrboro,70,https://www.hrc.org/mei/search/north-carolina/carrboro,0,0,0,0,0,0,0,0,0,0,0,0,0,0,0,0,0,0,0,0,0,7,7,0,1,1,0,1,5,0,2,0,5,0,0,2,0,0,2,2,10,12,5,3,2,3,,,,,,,,,,,,,,,,,,,,,
North Carolina,Cary,0,https://www.hrc.org/mei/search/north-carolina/cary,0,0,0,0,0,0,0,0,0,0,0,0,0,0,0,0,0,0,0,0,0,0,0,0,0,0,0,0,0,0,0,0,0,0,0,0,0,0,0,0,0,0,0,0,0,0,,,,,,,,,,,,,,,,,,,,,
North Carolina,Chapel Hill,72,https://www.hrc.org/mei/search/north-carolina/chapel-hill,0,0,0,0,0,0,0,0,0,0,0,0,0,0,0,0,0,0,0,0,0,7,7,0,1,1,0,1,5,0,0,0,5,0,0,2,2,2,2,2,10,12,5,3,2,3,,,,,,,,,,,,,,,,,,,,,
North Carolina,Charlotte,64,https://www.hrc.org/mei/search/north-carolina/charlotte,0,0,0,0,0,0,0,0,0,0,0,0,0,0,0,0,0,0,0,0,0,7,7,0,3,3,0,0,0,5,0,2,0,0,0,0,0,0,2,0,10,12,5,3,2,3,,,,,,,,,,,,,,,,,,,,,
North Carolina,Durham,67,https://www.hrc.org/mei/search/north-carolina/durham1,0,0,0,0,0,0,0,0,0,0,0,0,0,0,0,0,0,0,0,0,0,7,7,6,0,0,0,0,0,5,0,2,5,0,0,0,2,0,0,0,10,12,5,1,2,3,,,,,,,,,,,,,,,,,,,,,
North Carolina,Fayetteville,17,https://www.hrc.org/mei/search/north-carolina/fayetteville1,0,0,0,0,0,0,0,0,0,0,0,0,0,0,0,0,0,0,0,0,0,0,0,0,0,0,0,0,0,5,0,0,0,0,0,0,0,0,0,0,0,12,0,0,0,0,,,,,,,,,,,,,,,,,,,,,
North Carolina,Greensboro,79,https://www.hrc.org/mei/search/north-carolina/greensboro,0,0,0,0,0,0,0,0,0,0,0,0,0,0,0,0,0,0,0,0,0,7,7,6,0,0,2,0,0,5,0,2,5,0,0,2,2,2,2,2,10,12,5,3,2,3,,,,,,,,,,,,,,,,,,,,,
North Carolina,Raleigh,52,https://www.hrc.org/mei/search/north-carolina/raleigh,0,0,0,0,0,0,0,0,0,0,0,0,0,0,0,0,0,0,0,0,0,7,7,0,3,3,0,0,0,5,0,2,0,0,0,0,0,2,2,0,0,12,5,1,0,3,,,,,,,,,,,,,,,,,,,,,
North Carolina,Wilmington,15,https://www.hrc.org/mei/search/north-carolina/wilmington1,0,0,0,0,0,0,0,0,0,0,0,0,0,0,0,0,0,0,0,0,0,0,0,0,0,0,0,0,0,0,0,0,0,0,0,0,0,0,0,0,0,12,2,1,0,0,,,,,,,,,,,,,,,,,,,,,
North Carolina,Winston-Salem,52,https://www.hrc.org/mei/search/north-carolina/winston-salem,0,0,0,0,0,0,0,0,0,0,0,0,0,0,0,0,0,0,0,0,0,7,0,0,0,0,0,0,0,5,0,2,5,0,0,0,2,0,2,0,10,12,3,1,0,3,,,,,,,,,,,,,,,,,,,,,
North Dakota,Bismarck,19,https://www.hrc.org/mei/search/north-dakota/bismarck,0,0,0,0,0,0,0,0,0,0,0,0,0,0,0,0,0,0,0,0,0,0,0,0,0,0,0,0,0,5,0,0,0,0,0,0,0,0,0,0,0,12,2,0,0,0,,,,,,,,,,,,,,,,,,,,,
North Dakota,Fargo,55,https://www.hrc.org/mei/search/north-dakota/fargo,0,0,0,0,0,0,0,0,0,0,0,0,0,0,0,0,0,0,0,0,0,7,0,0,0,0,0,0,0,5,0,0,5,0,0,2,0,2,2,2,10,12,3,0,2,3,,,,,,,,,,,,,,,,,,,,,
North Dakota,Grand Forks,56,https://www.hrc.org/mei/search/north-dakota/grand-forks,0,0,0,0,0,0,0,0,0,0,4,4,0,0,0,0,0,0,0,0,0,7,7,0,0,0,0,0,0,0,0,0,5,0,0,0,0,0,0,0,10,12,5,2,0,0,,,,,,,,,,,,,,,,,,,,,
North Dakota,Jamestown,7,https://www.hrc.org/mei/search/north-dakota/jamestown,0,0,0,0,0,0,0,0,0,0,0,0,0,0,0,0,0,0,0,0,0,7,0,0,0,0,0,0,0,0,0,0,0,0,0,0,0,0,0,0,0,0,0,0,0,0,,,,,,,,,,,,,,,,,,,,,
North Dakota,Mandan,12,https://www.hrc.org/mei/search/north-dakota/mandan,0,0,0,0,0,0,0,0,0,0,0,0,0,0,0,0,0,0,0,0,0,0,0,0,0,0,0,0,0,0,0,0,0,0,0,0,0,0,0,0,0,12,0,0,0,0,,,,,,,,,,,,,,,,,,,,,
North Dakota,Minot,17,https://www.hrc.org/mei/search/north-dakota/minot,0,0,0,0,0,0,0,0,0,0,0,0,0,0,0,0,0,0,0,0,0,0,0,0,0,0,0,0,0,5,0,0,0,0,0,0,0,0,0,0,0,12,0,0,0,0,,,,,,,,,,,,,,,,,,,,,
North Dakota,West Fargo,14,https://www.hrc.org/mei/search/north-dakota/west-fargo,0,0,0,0,0,0,0,0,0,0,0,0,0,0,0,0,0,0,0,0,0,0,0,0,1,1,0,0,0,0,0,0,0,0,0,0,0,0,0,0,0,12,0,0,0,0,,,,,,,,,,,,,,,,,,,,,
Ohio,Akron,100,https://www.hrc.org/mei/search/ohio/akron,0,0,5,5,5,5,0,0,0,0,5,5,0,0,55,0,0,0,0,0,0,7,7,0,3,3,0,0,0,5,0,2,5,0,0,2,2,0,2,0,10,12,5,3,2,0,,,,,,,,,,,,,,,,,,,,,
Ohio,Cincinnati,100,https://www.hrc.org/mei/search/ohio/cincinnati,0,0,0,0,5,5,0,0,0,0,5,5,0,0,55,0,0,0,0,0,2,7,7,6,3,3,0,0,0,5,0,0,5,0,0,2,2,0,2,0,10,12,5,3,2,3,,,,,,,,,,,,,,,,,,,,,
Ohio,Cleveland,100,https://www.hrc.org/mei/search/ohio/cleveland,0,0,0,0,5,5,0,0,0,0,5,5,0,0,55,0,0,0,0,0,0,7,7,0,3,3,2,1,0,5,0,2,5,0,0,0,0,2,2,2,10,12,5,3,2,0,,,,,,,,,,,,,,,,,,,,,
Ohio,Columbus,100,https://www.hrc.org/mei/search/ohio/columbus1,0,0,0,0,5,5,0,0,0,0,5,5,0,0,55,0,0,0,0,0,2,7,7,6,3,3,0,0,0,5,0,2,5,0,0,0,0,0,0,0,10,12,5,3,2,0,,,,,,,,,,,,,,,,,,,,,
Ohio,Dayton,100,https://www.hrc.org/mei/search/ohio/dayton,0,0,0,0,5,5,0,0,0,0,5,5,0,0,55,0,0,0,0,0,2,7,7,6,3,3,0,0,0,5,0,2,5,0,0,0,0,0,2,0,10,12,5,2,0,0,,,,,,,,,,,,,,,,,,,,,
Ohio,Dublin,31,https://www.hrc.org/mei/search/ohio/dublin,0,0,0,0,0,0,0,0,0,0,0,0,0,0,0,0,0,0,0,0,0,7,7,6,3,3,0,0,0,0,0,0,0,0,0,0,0,0,0,0,0,0,3,2,0,0,,,,,,,,,,,,,,,,,,,,,
Ohio,Lakewood,85,https://www.hrc.org/mei/search/ohio/lakewood1,0,0,0,0,5,5,0,0,0,0,5,5,0,0,55,0,0,0,0,0,0,7,7,6,3,3,0,0,0,5,0,2,0,0,0,0,0,0,0,0,0,12,5,3,2,0,,,,,,,,,,,,,,,,,,,,,
Ohio,Toledo,100,https://www.hrc.org/mei/search/ohio/toledo,0,0,0,0,5,5,0,0,0,0,5,5,0,0,55,0,0,0,0,0,2,7,7,6,0,0,2,1,0,5,0,2,5,0,0,2,0,0,2,0,10,12,5,3,2,0,,,,,,,,,,,,,,,,,,,,,
Oklahoma,Broken Arrow,12,https://www.hrc.org/mei/search/oklahoma/broken-arrow,0,0,0,0,0,0,0,0,0,0,0,0,0,0,0,0,0,0,0,0,0,0,0,0,0,0,0,0,0,0,0,0,0,0,0,0,0,0,0,0,0,12,0,0,0,0,,,,,,,,,,,,,,,,,,,,,
Oklahoma,Edmond,19,https://www.hrc.org/mei/search/oklahoma/edmond,0,0,0,0,0,0,0,0,0,0,0,0,0,0,0,0,0,0,0,0,0,7,0,0,0,0,0,0,0,0,0,0,0,0,0,0,0,0,0,0,0,12,0,0,0,0,,,,,,,,,,,,,,,,,,,,,
Oklahoma,Lawton,17,https://www.hrc.org/mei/search/oklahoma/lawton,0,0,0,0,0,0,0,0,0,0,0,0,0,0,0,0,0,0,0,0,0,0,0,0,0,0,0,0,0,5,0,0,0,0,0,0,0,0,0,0,0,12,0,0,0,0,,,,,,,,,,,,,,,,,,,,,
Oklahoma,Moore,0,https://www.hrc.org/mei/search/oklahoma/moore,0,0,0,0,0,0,0,0,0,0,0,0,0,0,0,0,0,0,0,0,0,0,0,0,0,0,0,0,0,0,0,0,0,0,0,0,0,0,0,0,0,0,0,0,0,0,,,,,,,,,,,,,,,,,,,,,
Oklahoma,Norman,41,https://www.hrc.org/mei/search/oklahoma/norman,0,0,0,0,0,0,0,0,0,0,0,0,0,0,0,0,0,0,0,0,0,7,7,0,0,0,0,0,0,5,0,2,0,0,0,0,0,0,0,0,0,12,5,3,0,0,,,,,,,,,,,,,,,,,,,,,
Oklahoma,Oklahoma City,40,https://www.hrc.org/mei/search/oklahoma/oklahoma-city,0,0,0,0,0,0,0,0,0,0,5,5,0,0,0,0,0,0,0,0,0,7,0,0,0,0,0,0,0,0,0,0,5,0,0,0,0,0,0,0,0,12,4,2,0,0,,,,,,,,,,,,,,,,,,,,,
Oklahoma,Stillwater,0,https://www.hrc.org/mei/search/oklahoma/stillwater,0,0,0,0,0,0,0,0,0,0,0,0,0,0,0,0,0,0,0,0,0,0,0,0,0,0,0,0,0,0,0,0,0,0,0,0,0,0,0,0,0,0,0,0,0,0,,,,,,,,,,,,,,,,,,,,,
Oklahoma,Tulsa,65,https://www.hrc.org/mei/search/oklahoma/tulsa,0,0,0,0,0,0,0,0,0,0,5,5,0,0,0,0,0,0,0,0,0,7,0,0,0,0,0,0,0,5,0,2,5,0,0,2,2,0,2,0,10,12,5,3,0,0,,,,,,,,,,,,,,,,,,,,,
Oregon,Ashland,43,https://www.hrc.org/mei/search/oregon/ashland,5,5,0,0,0,0,4,4,0,0,5,5,55,0,52,0,0,0,2,0,0,7,0,0,0,0,0,0,0,0,0,0,0,0,0,0,0,2,0,0,0,0,0,0,2,0,,,,,,,,,,,,,,,,,,,,,
Oregon,Bend,58,https://www.hrc.org/mei/search/oregon/bend,5,5,0,0,5,5,4,4,0,0,5,5,55,0,55,0,0,0,2,0,0,7,7,0,0,0,0,0,0,0,0,0,0,0,0,0,0,0,0,0,0,12,0,0,0,0,,,,,,,,,,,,,,,,,,,,,
Oregon,Corvallis,66,https://www.hrc.org/mei/search/oregon/corvallis,5,5,4,5,4,5,4,4,4,5,4,5,55,45,45,0,0,0,2,0,0,7,7,0,0,0,0,0,0,5,0,0,0,0,0,0,0,0,0,0,0,12,1,1,2,0,,,,,,,,,,,,,,,,,,,,,
Oregon,Eugene,84,https://www.hrc.org/mei/search/oregon/eugene,5,5,0,0,5,5,4,4,0,0,4,5,55,0,55,0,0,0,2,0,0,7,7,6,3,3,0,1,0,5,0,2,0,0,0,0,0,0,0,0,0,12,5,2,0,0,,,,,,,,,,,,,,,,,,,,,
Oregon,Gresham,68,https://www.hrc.org/mei/search/oregon/gresham,5,5,0,0,0,0,4,4,0,0,0,0,55,0,0,0,0,0,2,0,0,7,7,6,3,3,0,0,0,0,0,0,0,0,0,0,0,0,0,0,0,12,0,0,0,0,,,,,,,,,,,,,,,,,,,,,
Oregon,Hillsboro,44,https://www.hrc.org/mei/search/oregon/hillsboro,5,5,0,0,5,5,4,4,0,0,4,4,55,0,55,0,0,0,2,0,0,7,7,0,0,0,0,0,0,0,0,0,0,0,0,0,0,0,0,0,0,0,0,0,0,0,,,,,,,,,,,,,,,,,,,,,
Oregon,Portland,100,https://www.hrc.org/mei/search/oregon/portland1,5,5,5,5,5,5,4,4,0,0,5,5,55,0,55,0,0,1,2,0,0,7,7,6,3,3,2,0,0,5,0,0,5,0,0,0,0,2,2,2,10,12,5,3,0,0,,,,,,,,,,,,,,,,,,,,,
Oregon,Salem,86,https://www.hrc.org/mei/search/oregon/salem1,5,5,0,0,4,4,4,4,0,0,4,4,55,0,44,0,0,0,2,0,0,7,7,0,3,3,0,0,0,5,0,2,5,0,0,0,0,0,0,0,10,12,2,0,0,0,,,,,,,,,,,,,,,,,,,,,
Pennsylvania,Allentown,100,https://www.hrc.org/mei/search/pennsylvania/allentown,0,0,0,0,5,5,0,0,0,0,5,5,0,0,55,0,0,0,0,0,2,7,7,0,3,3,0,0,0,5,0,2,5,0,0,2,0,0,2,0,10,12,5,3,2,0,,,,,,,,,,,,,,,,,,,,,
Pennsylvania,Carlisle,71,https://www.hrc.org/mei/search/pennsylvania/carlisle,0,0,0,0,5,5,0,0,0,0,5,5,0,0,55,0,0,0,0,0,0,7,7,0,0,0,0,0,0,5,0,2,0,0,0,0,0,0,0,0,0,12,5,3,0,0,,,,,,,,,,,,,,,,,,,,,
Pennsylvania,Erie,50,https://www.hrc.org/mei/search/pennsylvania/erie,0,0,4,4,0,0,0,0,5,5,0,0,0,52,0,0,0,0,0,0,0,0,0,0,0,0,0,0,5,0,2,0,5,0,0,0,0,0,0,0,10,0,3,0,0,0,,,,,,,,,,,,,,,,,,,,,
Pennsylvania,Harrisburg,81,https://www.hrc.org/mei/search/pennsylvania/harrisburg,0,0,0,0,5,5,0,0,0,0,5,5,0,0,55,0,0,0,0,0,0,7,7,6,3,3,0,1,0,5,0,0,0,0,0,0,0,0,0,0,0,12,3,2,2,0,,,,,,,,,,,,,,,,,,,,,
Pennsylvania,New Hope,71,https://www.hrc.org/mei/search/pennsylvania/new-hope,0,0,0,0,5,5,0,0,0,0,5,5,0,0,55,0,0,0,0,0,0,7,7,0,0,0,0,0,0,5,0,2,0,0,0,0,0,0,0,0,10,0,5,3,2,0,,,,,,,,,,,,,,,,,,,,,
Pennsylvania,Philadelphia,100,https://www.hrc.org/mei/search/pennsylvania/philadelphia,0,0,0,0,5,5,0,0,0,0,5,5,0,0,55,0,0,2,0,0,2,7,7,6,3,3,0,0,0,5,0,2,5,0,0,2,2,2,2,2,10,12,5,3,2,0,,,,,,,,,,,,,,,,,,,,,
Pennsylvania,Pittsburgh,100,https://www.hrc.org/mei/search/pennsylvania/pittsburgh,0,0,5,5,5,5,0,0,5,5,5,5,0,55,55,0,0,0,0,0,2,7,7,6,3,3,0,1,0,5,0,2,5,0,0,0,2,0,2,2,10,12,5,3,2,0,,,,,,,,,,,,,,,,,,,,,
Pennsylvania,Reading,77,https://www.hrc.org/mei/search/pennsylvania/reading,0,0,0,0,5,5,0,0,0,0,5,5,0,0,55,0,0,0,0,0,2,7,7,0,3,3,0,0,0,5,0,2,0,0,0,0,0,0,0,0,0,12,4,2,0,0,,,,,,,,,,,,,,,,,,,,,
Pennsylvania,State College,98,https://www.hrc.org/mei/search/pennsylvania/state-college,0,0,0,0,5,5,0,0,0,0,5,5,0,0,55,0,0,0,0,0,2,7,7,0,3,3,0,0,5,5,2,2,5,0,0,0,0,0,2,0,10,12,5,3,2,0,,,,,,,,,,,,,,,,,,,,,
Pennsylvania,Wilkes-Barre,78,https://www.hrc.org/mei/search/pennsylvania/wilkes-barre,0,0,0,0,5,5,0,0,0,0,5,5,0,0,55,0,0,0,0,0,0,7,7,0,0,0,0,0,0,5,0,2,5,0,0,0,0,0,2,0,10,0,5,3,2,0,,,,,,,,,,,,,,,,,,,,,
Rhode Island,Cranston,57,https://www.hrc.org/mei/search/rhode-island/cranston,5,5,0,0,0,0,4,5,0,0,0,0,45,0,0,0,0,0,2,0,0,7,7,0,0,0,0,0,0,0,0,0,0,0,0,0,0,0,0,0,0,12,0,1,0,0,,,,,,,,,,,,,,,,,,,,,
Rhode Island,East Providence,60,https://www.hrc.org/mei/search/rhode-island/east-providence,5,5,0,0,0,0,4,5,0,0,0,0,45,0,0,0,0,0,2,0,0,7,7,0,1,1,0,0,0,0,0,0,0,0,0,0,0,0,0,0,0,12,2,0,0,0,,,,,,,,,,,,,,,,,,,,,
Rhode Island,Kingston,56,https://www.hrc.org/mei/search/rhode-island/kingston,5,5,0,0,0,0,4,5,0,0,0,0,45,0,0,0,0,0,2,0,0,7,7,0,0,0,0,0,0,0,0,0,0,0,0,0,0,0,0,0,0,12,0,0,0,0,,,,,,,,,,,,,,,,,,,,,
Rhode Island,Narraganset,50,https://www.hrc.org/mei/search/rhode-island/narraganset,5,5,0,0,0,0,4,5,0,0,0,0,45,0,0,0,0,0,2,0,0,7,7,0,3,3,0,0,0,0,0,0,0,0,0,0,0,0,0,0,0,0,0,0,0,0,,,,,,,,,,,,,,,,,,,,,
Rhode Island,Newport,58,https://www.hrc.org/mei/search/rhode-island/newport,5,5,0,0,0,0,4,5,0,0,0,0,45,0,0,0,0,0,2,0,0,7,7,0,0,0,0,1,0,0,0,0,0,0,0,0,0,0,0,0,0,12,0,1,0,0,,,,,,,,,,,,,,,,,,,,,
Rhode Island,Pawtucket,62,https://www.hrc.org/mei/search/rhode-island/pawtucket,5,5,0,0,0,0,4,5,0,0,0,0,45,0,0,0,0,0,2,0,0,7,7,0,0,0,0,0,0,0,0,0,0,0,0,0,0,0,0,0,0,12,5,1,0,0,,,,,,,,,,,,,,,,,,,,,
Rhode Island,Providence,100,https://www.hrc.org/mei/search/rhode-island/providence,5,5,0,0,5,5,4,5,0,0,5,5,45,0,55,0,0,0,2,0,0,7,7,6,3,3,2,0,0,5,0,2,5,0,0,0,0,0,0,2,10,12,5,3,2,0,,,,,,,,,,,,,,,,,,,,,
Rhode Island,Warwick,65,https://www.hrc.org/mei/search/rhode-island/warwick,5,5,0,0,0,0,4,5,0,0,0,0,45,0,0,0,0,0,2,0,0,7,0,0,0,0,0,0,0,0,0,0,0,0,0,0,0,0,0,0,10,12,3,1,2,0,,,,,,,,,,,,,,,,,,,,,
South Carolina,Charleston,72,https://www.hrc.org/mei/search/south-carolina/charleston,0,0,0,0,0,0,0,0,0,0,5,5,0,0,55,0,0,0,0,0,0,7,7,0,1,1,0,0,0,0,0,0,5,1,1,0,0,0,0,0,10,12,5,2,0,0,,,,,,,,,,,,,,,,,,,,,
South Carolina,Clemson,0,https://www.hrc.org/mei/search/south-carolina/clemson,0,0,0,0,0,0,0,0,0,0,0,0,0,0,0,0,0,0,0,0,0,0,0,0,0,0,0,0,0,0,0,0,0,0,0,0,0,0,0,0,0,0,0,0,0,0,,,,,,,,,,,,,,,,,,,,,
South Carolina,Columbia,71,https://www.hrc.org/mei/search/south-carolina/columbia2,0,0,0,0,0,0,0,0,0,0,5,5,0,55,55,0,0,0,0,0,0,7,7,0,3,0,0,0,0,0,0,0,5,0,0,0,0,0,0,0,10,12,5,2,0,0,,,,,,,,,,,,,,,,,,,,,
South Carolina,Greenville,20,https://www.hrc.org/mei/search/south-carolina/greenville,0,0,0,0,0,0,0,0,0,0,0,0,0,0,0,0,0,0,0,0,0,0,0,0,3,0,0,0,5,0,0,0,0,0,0,0,0,0,0,0,0,12,0,0,0,0,,,,,,,,,,,,,,,,,,,,,
South Carolina,Mount Pleasant,12,https://www.hrc.org/mei/search/south-carolina/mount-pleasant,0,0,0,0,0,0,0,0,0,0,0,0,0,0,0,0,0,0,0,0,0,0,0,0,0,0,0,0,0,0,0,0,0,0,0,0,0,0,0,0,0,12,0,0,0,0,,,,,,,,,,,,,,,,,,,,,
South Carolina,Myrtle Beach,21,https://www.hrc.org/mei/search/south-carolina/myrtle-beach,0,0,0,0,0,0,0,0,0,0,0,0,0,0,0,0,0,0,0,0,0,0,0,0,0,0,0,0,0,5,0,0,0,0,0,0,0,0,0,0,0,12,3,1,0,0,,,,,,,,,,,,,,,,,,,,,
South Carolina,North Charleston,33,https://www.hrc.org/mei/search/south-carolina/north-charleston,0,0,0,0,0,0,0,0,0,0,5,5,0,0,0,0,0,0,0,0,0,0,0,0,0,0,0,0,0,0,0,0,5,0,0,0,0,0,2,0,0,12,4,0,0,0,,,,,,,,,,,,,,,,,,,,,
South Carolina,Rock Hill,17,https://www.hrc.org/mei/search/south-carolina/rock-hill,0,0,0,0,0,0,0,0,0,0,0,0,0,0,0,0,0,0,0,0,0,0,0,0,0,0,0,0,5,0,0,0,0,0,0,0,0,0,0,0,0,12,0,0,0,0,,,,,,,,,,,,,,,,,,,,,
South Dakota,Aberdeen,12,https://www.hrc.org/mei/search/south-dakota/aberdeen,0,0,0,0,0,0,0,0,0,0,0,0,0,0,0,0,0,0,0,0,0,0,0,0,0,0,0,0,0,0,0,0,0,0,0,0,0,0,0,0,0,12,0,0,0,0,,,,,,,,,,,,,,,,,,,,,
South Dakota,Brookings,100,https://www.hrc.org/mei/search/south-dakota/brookings,0,0,0,0,5,5,0,0,0,0,5,5,0,0,55,0,0,0,0,0,0,7,7,6,3,3,0,0,0,5,0,2,5,0,0,2,0,0,0,0,10,12,5,3,2,0,,,,,,,,,,,,,,,,,,,,,
South Dakota,Mitchell,12,https://www.hrc.org/mei/search/south-dakota/mitchell,0,0,0,0,0,0,0,0,0,0,0,0,0,0,0,0,0,0,0,0,0,0,0,0,0,0,0,0,0,0,0,0,0,0,0,0,0,0,0,0,0,12,0,0,0,0,,,,,,,,,,,,,,,,,,,,,
South Dakota,Pierre,0,https://www.hrc.org/mei/search/south-dakota/pierre,0,0,0,0,0,0,0,0,0,0,0,0,0,0,0,0,0,0,0,0,0,0,0,0,0,0,0,0,0,0,0,0,0,0,0,0,0,0,0,0,0,0,0,0,0,0,,,,,,,,,,,,,,,,,,,,,
South Dakota,Rapid City,19,https://www.hrc.org/mei/search/south-dakota/rapid-city,0,0,0,0,0,0,0,0,0,0,0,0,0,0,0,0,0,0,0,0,0,0,0,0,0,0,0,0,0,5,0,2,0,0,0,0,0,0,0,0,0,12,0,0,0,0,,,,,,,,,,,,,,,,,,,,,
South Dakota,Sioux Falls,64,https://www.hrc.org/mei/search/south-dakota/sioux-falls,0,0,0,0,0,0,0,0,0,0,0,0,0,0,0,0,0,0,0,0,0,7,7,6,0,0,0,0,0,5,0,2,5,0,0,0,0,0,2,0,10,12,4,2,2,0,,,,,,,,,,,,,,,,,,,,,
South Dakota,Spearfish,19,https://www.hrc.org/mei/search/south-dakota/spearfish,0,0,0,0,0,0,0,0,0,0,0,0,0,0,0,0,0,0,0,0,0,7,0,0,0,0,0,0,0,0,0,0,0,0,0,0,0,0,0,0,0,12,0,0,0,0,,,,,,,,,,,,,,,,,,,,,
South Dakota,Vermillion,38,https://www.hrc.org/mei/search/south-dakota/vermillion,0,0,0,0,0,0,0,0,0,0,0,0,0,0,0,0,0,0,0,0,0,7,7,0,0,0,0,0,0,5,0,2,0,0,0,0,0,0,0,0,0,12,3,2,0,0,,,,,,,,,,,,,,,,,,,,,
South Dakota,Watertown,19,https://www.hrc.org/mei/search/south-dakota/watertown,0,0,0,0,0,0,0,0,0,0,0,0,0,0,0,0,0,0,0,0,0,7,0,0,0,0,0,0,0,0,0,0,0,0,0,0,0,0,0,0,0,12,0,0,0,0,,,,,,,,,,,,,,,,,,,,,
Tennessee,Chattanooga,45,https://www.hrc.org/mei/search/tennessee/chattanooga,0,0,0,0,0,0,0,0,0,0,0,0,0,0,0,0,0,0,0,0,0,7,7,6,0,0,0,0,0,0,0,0,5,0,0,0,0,0,0,0,0,12,5,3,0,0,,,,,,,,,,,,,,,,,,,,,
Tennessee,Clarksville,17,https://www.hrc.org/mei/search/tennessee/clarksville,0,0,0,0,0,0,0,0,0,0,0,0,0,0,0,0,0,0,0,0,0,0,0,0,0,0,0,0,0,5,0,0,0,0,0,0,0,0,0,0,0,12,0,0,0,0,,,,,,,,,,,,,,,,,,,,,
Tennessee,Franklin,19,https://www.hrc.org/mei/search/tennessee/franklin,0,0,0,0,0,0,0,0,0,0,0,0,0,0,0,0,0,0,0,0,0,7,0,0,0,0,0,0,0,0,0,0,0,0,0,0,0,0,0,0,0,12,0,0,0,0,,,,,,,,,,,,,,,,,,,,,
Tennessee,Johnson City,12,https://www.hrc.org/mei/search/tennessee/johnson-city,0,0,0,0,0,0,0,0,0,0,0,0,0,0,0,0,0,0,0,0,0,0,0,0,0,0,0,0,0,0,0,0,0,0,0,0,0,0,0,0,0,12,0,0,0,0,,,,,,,,,,,,,,,,,,,,,
Tennessee,Knoxville,60,https://www.hrc.org/mei/search/tennessee/knoxville,0,0,0,0,0,0,0,0,0,0,0,0,0,0,0,0,0,0,0,0,0,7,7,6,0,0,0,1,0,0,0,0,5,0,0,2,0,0,2,2,10,12,5,1,0,0,,,,,,,,,,,,,,,,,,,,,
Tennessee,Memphis,46,https://www.hrc.org/mei/search/tennessee/memphis,0,0,0,0,0,0,0,0,0,0,0,0,0,0,0,0,0,0,0,0,0,7,7,0,0,0,0,0,0,5,0,0,0,0,0,0,0,0,0,0,10,12,2,0,0,3,,,,,,,,,,,,,,,,,,,,,
Tennessee,Murfreesboro,12,https://www.hrc.org/mei/search/tennessee/murfreesboro,0,0,0,0,0,0,0,0,0,0,0,0,0,0,0,0,0,0,0,0,0,0,0,0,0,0,0,0,0,0,0,0,0,0,0,0,0,0,0,0,0,12,0,0,0,0,,,,,,,,,,,,,,,,,,,,,
Tennessee,Nashville,63,https://www.hrc.org/mei/search/tennessee/nashville,0,0,0,0,0,0,0,0,0,0,0,0,0,0,0,0,0,0,0,0,0,7,7,0,3,3,0,1,0,5,0,2,5,0,0,0,0,0,0,0,5,12,5,3,2,3,,,,,,,,,,,,,,,,,,,,,
Texas,Amarillo,17,https://www.hrc.org/mei/search/texas/amarillo,0,0,0,0,0,0,0,0,0,0,0,0,0,0,0,0,0,0,0,0,0,0,0,0,0,0,0,0,0,5,0,0,0,0,0,0,0,0,0,0,0,12,0,0,0,0,,,,,,,,,,,,,,,,,,,,,
Texas,Arlington,48,https://www.hrc.org/mei/search/texas/arlington1,0,0,0,0,0,0,0,0,0,0,0,0,0,0,0,0,0,0,0,0,0,7,7,0,0,0,2,0,0,0,0,0,5,0,0,0,0,0,2,0,5,12,5,1,2,0,,,,,,,,,,,,,,,,,,,,,
Texas,Austin,100,https://www.hrc.org/mei/search/texas/austin,0,0,0,0,5,5,0,0,0,0,5,5,0,0,55,0,0,2,0,0,0,7,7,6,3,3,0,0,0,5,0,2,5,0,0,0,0,2,2,2,10,12,5,3,0,0,,,,,,,,,,,,,,,,,,,,,
Texas,Brownsville,15,https://www.hrc.org/mei/search/texas/brownsville,0,0,0,0,0,0,0,0,0,0,0,0,0,0,0,0,0,0,0,0,0,7,7,0,0,0,0,0,0,0,0,0,0,0,0,0,0,0,0,0,0,0,1,0,0,0,,,,,,,,,,,,,,,,,,,,,
Texas,College Station,12,https://www.hrc.org/mei/search/texas/college-station,0,0,0,0,0,0,0,0,0,0,0,0,0,0,0,0,0,0,0,0,0,0,0,0,0,0,0,0,0,0,0,0,0,0,0,0,0,0,0,0,0,12,0,0,0,0,,,,,,,,,,,,,,,,,,,,,
Texas,Corpus Christi,48,https://www.hrc.org/mei/search/texas/corpus-christi,0,0,0,0,0,0,0,0,0,0,0,0,0,0,0,0,0,0,0,0,0,7,7,0,0,0,0,0,0,5,0,2,0,0,0,0,0,0,2,0,10,12,3,0,0,0,,,,,,,,,,,,,,,,,,,,,
Texas,Dallas,100,https://www.hrc.org/mei/search/texas/dallas,0,0,0,0,4,4,0,0,0,0,4,4,0,0,44,0,0,0,0,0,0,7,7,6,3,3,2,1,0,0,0,2,5,0,0,2,2,2,0,0,10,12,5,3,2,3,,,,,,,,,,,,,,,,,,,,,
Texas,Denton,52,https://www.hrc.org/mei/search/texas/denton,0,0,0,0,0,0,0,0,0,0,0,0,0,0,0,0,0,0,0,0,0,7,7,0,1,0,0,0,0,5,0,0,5,0,0,0,0,0,0,0,10,12,4,1,0,0,,,,,,,,,,,,,,,,,,,,,
Texas,El Paso,51,https://www.hrc.org/mei/search/texas/el-paso,0,0,0,0,0,0,0,0,0,0,0,0,0,0,55,0,0,0,0,0,0,7,7,0,0,0,0,0,0,5,0,2,0,0,0,0,0,0,2,0,0,12,3,0,0,3,,,,,,,,,,,,,,,,,,,,,
Texas,Fort Worth,100,https://www.hrc.org/mei/search/texas/fort-worth,0,0,0,0,5,5,0,0,0,0,5,5,0,0,55,0,0,0,0,0,0,7,7,0,3,3,0,0,0,5,0,2,5,0,0,2,2,2,0,0,10,12,5,2,0,3,,,,,,,,,,,,,,,,,,,,,
Texas,Garland,14,https://www.hrc.org/mei/search/texas/garland,0,0,0,0,0,0,0,0,0,0,0,0,0,0,0,0,0,0,0,0,0,0,0,0,0,0,0,0,0,0,0,0,0,0,0,0,0,0,0,0,0,12,0,0,2,0,,,,,,,,,,,,,,,,,,,,,
Texas,Grand Prairie,27,https://www.hrc.org/mei/search/texas/grand-prairie,0,0,0,0,0,0,0,0,0,0,0,0,0,0,0,0,0,0,0,0,0,7,0,6,0,0,2,0,0,0,0,0,0,0,0,0,0,0,0,0,0,12,0,0,0,0,,,,,,,,,,,,,,,,,,,,,
Texas,Houston,70,https://www.hrc.org/mei/search/texas/houston,0,0,0,0,0,0,0,0,0,0,0,0,0,0,0,0,0,0,0,0,0,7,7,0,3,3,2,0,0,0,0,0,5,0,0,2,2,2,2,0,10,12,5,3,2,3,,,,,,,,,,,,,,,,,,,,,
Texas,Irving,32,https://www.hrc.org/mei/search/texas/irving,0,0,0,0,0,0,0,0,0,0,0,0,0,0,0,0,0,0,0,0,0,7,7,0,0,0,0,0,0,0,0,0,5,0,0,0,0,0,0,0,10,0,2,1,0,0,,,,,,,,,,,,,,,,,,,,,
Texas,Killeen,12,https://www.hrc.org/mei/search/texas/killeen,0,0,0,0,0,0,0,0,0,0,0,0,0,0,0,0,0,0,0,0,0,0,0,0,0,0,0,0,0,0,0,0,0,0,0,0,0,0,0,0,0,12,0,0,0,0,,,,,,,,,,,,,,,,,,,,,
Texas,Laredo,0,https://www.hrc.org/mei/search/texas/laredo,0,0,0,0,0,0,0,0,0,0,0,0,0,0,0,0,0,0,0,0,0,0,0,0,0,0,0,0,0,0,0,0,0,0,0,0,0,0,0,0,0,0,0,0,0,0,,,,,,,,,,,,,,,,,,,,,
Texas,Lubbock,26,https://www.hrc.org/mei/search/texas/lubbock,0,0,0,0,0,0,0,0,0,0,0,0,0,0,0,0,0,0,0,0,0,7,7,0,0,0,0,0,0,0,0,0,0,0,0,0,0,0,0,0,0,12,0,0,0,0,,,,,,,,,,,,,,,,,,,,,
Texas,McAllen,19,https://www.hrc.org/mei/search/texas/mcallen,0,0,0,0,0,0,0,0,0,0,0,0,0,0,0,0,0,0,0,0,0,7,0,0,0,0,0,0,0,0,0,0,0,0,0,0,0,0,0,0,0,12,0,0,0,0,,,,,,,,,,,,,,,,,,,,,
Texas,McKinney,12,https://www.hrc.org/mei/search/texas/mckinney,0,0,0,0,0,0,0,0,0,0,0,0,0,0,0,0,0,0,0,0,0,0,0,0,0,0,0,0,0,0,0,0,0,0,0,0,0,0,0,0,0,12,0,0,0,0,,,,,,,,,,,,,,,,,,,,,
Texas,Mesquite,17,https://www.hrc.org/mei/search/texas/mesquite1,0,0,0,0,0,0,0,0,0,0,0,0,0,0,0,0,0,0,0,0,0,7,7,0,0,0,0,0,0,0,0,0,0,0,0,0,0,0,0,0,0,0,2,1,0,0,,,,,,,,,,,,,,,,,,,,,
Texas,Pasadena,14,https://www.hrc.org/mei/search/texas/pasadena1,0,0,0,0,0,0,0,0,0,0,0,0,0,0,0,0,0,0,0,0,0,0,0,0,0,0,0,0,0,0,0,0,0,0,0,0,0,0,2,0,0,12,0,0,0,0,,,,,,,,,,,,,,,,,,,,,
Texas,Plano,69,https://www.hrc.org/mei/search/texas/plano,0,0,0,0,5,5,0,0,0,0,5,5,0,0,52,0,0,0,0,0,0,7,7,0,3,3,0,1,0,0,0,0,0,0,0,0,0,0,0,0,5,12,3,1,0,0,,,,,,,,,,,,,,,,,,,,,
Texas,Round Rock,12,https://www.hrc.org/mei/search/texas/round-rock,0,0,0,0,0,0,0,0,0,0,0,0,0,0,0,0,0,0,0,0,0,0,0,0,0,0,0,0,0,0,0,0,0,0,0,0,0,0,0,0,0,12,0,0,0,0,,,,,,,,,,,,,,,,,,,,,
Texas,San Antonio,100,https://www.hrc.org/mei/search/texas/san-antonio,0,0,0,0,0,0,0,0,0,0,5,5,0,0,55,0,0,0,0,0,0,7,7,6,3,3,2,0,0,0,0,0,5,1,1,2,2,2,2,2,10,12,5,3,2,3,,,,,,,,,,,,,,,,,,,,,
Texas,Waco,22,https://www.hrc.org/mei/search/texas/waco,0,0,0,0,0,0,0,0,0,0,0,0,0,0,0,0,0,0,0,0,0,7,7,0,0,0,0,0,0,5,0,0,0,0,0,0,0,0,2,0,0,0,1,0,0,0,,,,,,,,,,,,,,,,,,,,,
Utah,Logan,46,https://www.hrc.org/mei/search/utah/logan,5,5,0,0,5,5,5,5,0,0,4,4,0,0,0,0,0,0,0,0,0,7,7,0,0,0,0,0,0,0,0,0,0,0,0,0,0,0,0,0,0,12,0,0,0,0,,,,,,,,,,,,,,,,,,,,,
Utah,Ogden City,56,https://www.hrc.org/mei/search/utah/ogden-city,5,5,0,0,5,5,5,5,0,0,4,4,0,0,0,0,0,0,0,0,0,7,7,0,0,0,0,0,0,5,0,0,0,0,0,0,0,0,0,0,0,12,2,1,2,0,,,,,,,,,,,,,,,,,,,,,
Utah,Orem,20,https://www.hrc.org/mei/search/utah/orem,5,5,0,0,0,0,5,5,0,0,0,0,0,0,0,0,0,0,0,0,0,0,0,0,0,0,0,0,0,0,0,0,0,0,0,0,0,0,0,0,0,0,0,0,0,0,,,,,,,,,,,,,,,,,,,,,
Utah,Park City,35,https://www.hrc.org/mei/search/utah/park-city,5,5,0,0,5,5,5,5,0,0,4,4,0,0,0,0,0,0,0,0,0,7,7,0,0,0,0,0,0,0,0,0,0,0,0,0,0,0,0,0,0,0,1,0,0,0,,,,,,,,,,,,,,,,,,,,,
Utah,Provo,48,https://www.hrc.org/mei/search/utah/provo,5,5,0,0,0,0,5,5,0,0,0,0,0,0,0,0,0,0,0,0,0,7,7,0,0,0,0,0,0,0,0,0,0,0,0,0,0,0,0,0,0,12,2,0,0,0,,,,,,,,,,,,,,,,,,,,,
Utah,Salt Lake City,66,https://www.hrc.org/mei/search/utah/salt-lake-city,5,5,4,4,5,5,5,5,4,4,4,4,0,0,0,0,0,0,0,0,0,7,7,0,0,0,0,0,0,5,0,0,5,0,0,0,0,0,0,0,0,12,5,3,2,0,,,,,,,,,,,,,,,,,,,,,
Utah,West Jordan,34,https://www.hrc.org/mei/search/utah/west-jordan,5,5,4,4,0,0,5,5,4,4,0,0,0,0,0,0,0,0,0,0,0,0,0,0,0,0,0,0,0,0,0,0,0,0,0,0,0,0,0,0,0,12,1,1,0,0,,,,,,,,,,,,,,,,,,,,,
Utah,West Valley City,46,https://www.hrc.org/mei/search/utah/west-valley-city,5,5,4,4,5,5,5,5,4,4,5,5,0,0,0,0,0,0,0,0,0,7,7,0,0,0,0,0,0,0,0,0,0,0,0,0,0,0,0,0,0,12,0,0,0,0,,,,,,,,,,,,,,,,,,,,,
Vermont,Barre,44,https://www.hrc.org/mei/search/vermont/barre,4,4,0,0,0,0,5,5,0,0,0,0,55,0,0,2,0,0,2,0,0,0,0,0,0,0,0,0,0,0,0,0,0,0,0,0,0,0,0,0,0,12,0,0,0,0,,,,,,,,,,,,,,,,,,,,,
Vermont,Brattleboro,46,https://www.hrc.org/mei/search/vermont/brattleboro,4,4,0,0,0,0,5,5,0,0,0,0,55,0,0,2,0,0,2,0,0,7,7,0,0,0,0,0,0,0,0,0,0,0,0,0,0,0,0,0,0,0,0,0,0,0,,,,,,,,,,,,,,,,,,,,,
Vermont,Burlington,80,https://www.hrc.org/mei/search/vermont/burlington,4,4,0,0,0,0,5,5,0,0,5,0,55,0,0,2,0,0,2,0,0,7,7,6,3,3,0,0,0,5,0,0,0,0,0,0,0,0,0,0,0,12,5,0,0,0,,,,,,,,,,,,,,,,,,,,,
Vermont,Castleton,44,https://www.hrc.org/mei/search/vermont/castleton,4,4,0,0,0,0,5,5,0,0,0,0,55,0,0,2,0,0,2,0,0,0,0,0,0,0,0,0,0,0,0,0,0,0,0,0,0,0,0,0,0,12,0,0,0,0,,,,,,,,,,,,,,,,,,,,,
Vermont,Essex,58,https://www.hrc.org/mei/search/vermont/essex,4,4,0,0,0,0,5,5,0,0,0,0,55,0,0,2,0,0,2,0,0,7,7,0,0,0,0,0,0,0,0,0,0,0,0,0,0,0,0,0,0,12,0,0,0,0,,,,,,,,,,,,,,,,,,,,,
Vermont,Montpelier,50,https://www.hrc.org/mei/search/vermont/montpelier,4,4,0,0,0,0,5,5,0,0,0,0,55,0,0,2,0,0,2,0,0,7,7,0,0,0,0,0,0,0,0,0,0,0,0,0,0,0,0,0,0,0,4,0,0,0,,,,,,,,,,,,,,,,,,,,,
Vermont,Rutland,59,https://www.hrc.org/mei/search/vermont/rutland,4,4,0,0,0,0,5,5,0,0,0,0,55,0,0,2,0,0,2,0,0,7,7,0,0,0,0,0,0,0,0,0,0,0,0,0,0,0,0,0,0,12,1,0,0,0,,,,,,,,,,,,,,,,,,,,,
Vermont,South Burlington,59,https://www.hrc.org/mei/search/vermont/south-burlington,4,4,0,0,0,0,5,5,0,0,0,0,55,0,0,2,0,0,2,0,0,7,7,0,0,0,0,0,0,0,0,0,0,0,0,0,0,0,0,0,0,12,1,0,0,0,,,,,,,,,,,,,,,,,,,,,
Vermont,Winooski,60,https://www.hrc.org/mei/search/vermont/winooski,4,4,0,0,0,0,5,5,0,0,0,0,55,0,0,2,0,0,2,0,0,7,7,0,1,1,0,0,0,0,0,0,0,0,0,0,0,0,0,0,0,12,0,0,0,0,,,,,,,,,,,,,,,,,,,,,
Virginia,Alexandria,82,https://www.hrc.org/mei/search/virginia/alexandria1,0,0,0,0,5,0,0,0,0,0,5,0,0,0,50,0,0,0,0,0,0,7,7,0,3,0,0,1,0,5,0,2,5,0,0,0,0,0,2,0,10,12,5,3,2,3,,,,,,,,,,,,,,,,,,,,,
Virginia,Arlington County,92,https://www.hrc.org/mei/search/virginia/arlington-county,0,0,5,0,0,0,0,0,5,0,0,0,0,50,0,0,0,0,0,0,0,,,,,,,,5,0,2,0,,,,,,,,,,,,,,,7,7,6,0,0,2,0,5,0,0,2,2,2,2,0,10,12,5,3,2,3
Virginia,Charlottesville,75,https://www.hrc.org/mei/search/virginia/charlottesville,0,0,0,0,5,5,0,0,0,0,5,5,0,0,55,0,0,0,0,0,0,7,7,0,3,3,0,0,0,5,0,0,0,0,0,0,0,0,0,0,0,12,3,2,0,3,,,,,,,,,,,,,,,,,,,,,
Virginia,Chesapeake,29,https://www.hrc.org/mei/search/virginia/chesapeake,0,0,0,0,0,0,0,0,0,0,0,0,0,0,0,0,0,0,0,0,0,7,0,0,0,0,0,0,0,0,0,0,0,0,0,0,0,0,0,0,10,12,0,0,0,0,,,,,,,,,,,,,,,,,,,,,
Virginia,Fairfax,51,https://www.hrc.org/mei/search/virginia/fairfax,0,0,0,0,0,0,0,0,0,0,0,0,0,0,0,0,0,0,0,0,0,,,,,,,,5,0,2,0,,,,,,,,,,,,,,,7,7,6,0,0,0,0,0,0,0,2,0,0,2,0,0,12,4,1,0,3
Virginia,Hampton,32,https://www.hrc.org/mei/search/virginia/hampton,0,0,0,0,0,0,0,0,0,0,0,0,0,0,0,0,0,0,0,0,0,0,0,0,0,0,0,0,0,5,0,0,0,0,0,2,0,0,0,0,10,12,3,0,0,0,,,,,,,,,,,,,,,,,,,,,
Virginia,Newport News,28,https://www.hrc.org/mei/search/virginia/newport-news,0,0,0,0,0,0,0,0,0,0,0,0,0,0,0,0,0,0,0,0,0,0,0,0,0,0,0,0,0,5,0,0,0,0,0,0,0,0,0,0,10,12,1,0,0,0,,,,,,,,,,,,,,,,,,,,,
Virginia,Norfolk,43,https://www.hrc.org/mei/search/virginia/norfolk,0,0,0,0,0,0,0,0,0,0,0,0,0,0,0,0,0,0,0,0,0,7,7,0,0,0,0,0,0,0,0,0,0,0,0,0,0,0,2,0,10,12,4,1,0,0,,,,,,,,,,,,,,,,,,,,,
Virginia,Richmond,94,https://www.hrc.org/mei/search/virginia/richmond1,0,0,0,0,5,5,0,0,0,0,5,5,0,0,55,0,0,0,0,0,0,7,7,6,0,0,2,0,0,5,0,2,5,0,0,0,0,0,0,0,10,12,5,3,0,0,,,,,,,,,,,,,,,,,,,,,
Virginia,Roanoke,12,https://www.hrc.org/mei/search/virginia/roanoke,0,0,0,0,0,0,0,0,0,0,0,0,0,0,0,0,0,0,0,0,0,0,0,0,0,0,0,0,0,0,0,0,0,0,0,0,0,0,0,0,0,12,0,0,0,0,,,,,,,,,,,,,,,,,,,,,
Virginia,Virginia Beach,50,https://www.hrc.org/mei/search/virginia/virginia-beach,0,0,0,0,0,0,0,0,0,0,0,0,0,0,0,0,0,0,0,0,0,7,7,0,0,0,0,0,0,5,0,2,0,0,0,0,0,0,0,0,10,12,5,2,0,0,,,,,,,,,,,,,,,,,,,,,
Washington,Bellevue,100,https://www.hrc.org/mei/search/washington/bellevue1,5,5,5,5,0,0,5,5,5,5,5,5,55,55,0,0,0,0,2,0,0,7,7,6,3,3,2,1,5,0,2,0,5,0,0,2,2,0,0,0,10,12,4,1,0,0,,,,,,,,,,,,,,,,,,,,,
Washington,Bellingham,62,https://www.hrc.org/mei/search/washington/bellingham,5,5,0,0,0,0,5,5,0,0,0,0,55,0,0,0,0,0,2,0,0,7,7,0,0,0,0,1,0,0,0,0,0,0,0,0,0,0,0,0,0,12,2,1,0,0,,,,,,,,,,,,,,,,,,,,,
Washington,Kent,80,https://www.hrc.org/mei/search/washington/kent,5,5,5,5,0,0,5,5,5,5,0,0,55,55,0,0,0,0,2,0,0,7,7,6,3,3,0,1,0,5,0,0,0,0,0,0,0,2,0,0,0,12,1,1,0,0,,,,,,,,,,,,,,,,,,,,,
Washington,Olympia,100,https://www.hrc.org/mei/search/washington/olympia,5,5,0,0,0,0,5,5,5,0,5,5,55,0,0,0,0,1,2,0,0,7,7,6,3,3,0,0,0,5,0,0,5,0,0,2,2,0,0,0,10,12,5,3,0,0,,,,,,,,,,,,,,,,,,,,,
Washington,Pullman,56,https://www.hrc.org/mei/search/washington/pullman,5,5,0,0,0,0,5,5,0,0,5,0,55,0,0,0,0,0,2,0,0,7,0,0,0,0,0,0,0,5,0,0,0,0,0,0,0,0,0,0,0,12,0,0,0,0,,,,,,,,,,,,,,,,,,,,,
Washington,Seattle,100,https://www.hrc.org/mei/search/washington/seattle,5,5,0,0,5,5,5,5,0,0,5,5,55,0,55,0,0,2,2,0,0,7,7,6,3,3,0,1,0,5,0,0,5,0,0,0,0,0,0,2,10,12,5,3,2,0,,,,,,,,,,,,,,,,,,,,,
Washington,Spokane,67,https://www.hrc.org/mei/search/washington/spokane,5,5,0,0,5,5,5,5,0,0,5,5,55,0,55,0,0,0,2,0,0,7,7,0,1,1,0,1,0,5,0,0,0,0,0,0,0,0,0,0,0,12,1,0,0,0,,,,,,,,,,,,,,,,,,,,,
Washington,Tacoma,96,https://www.hrc.org/mei/search/washington/tacoma,5,5,0,0,5,5,5,5,0,0,5,5,55,0,55,0,0,0,2,0,0,7,7,6,3,3,0,1,0,5,0,2,0,0,0,2,2,0,2,2,0,12,5,3,2,0,,,,,,,,,,,,,,,,,,,,,
Washington,Vancouver,71,https://www.hrc.org/mei/search/washington/vancouver,5,5,0,0,0,0,5,5,0,0,0,0,55,0,0,0,0,0,2,0,0,7,0,6,1,0,0,1,0,5,0,0,0,0,0,2,2,0,0,0,0,12,1,0,2,0,,,,,,,,,,,,,,,,,,,,,
Washington,Vashon,88,https://www.hrc.org/mei/search/washington/vashon,5,5,5,5,0,0,5,5,5,5,0,0,55,55,0,0,0,0,2,0,0,,,,,,,,5,0,2,0,,,,,,,,,,,,,,,7,7,0,3,3,0,1,0,0,0,2,2,2,2,2,0,12,4,2,0,0
West Virginia,Charles Town,45,https://www.hrc.org/mei/search/west-virginia/charles-town,0,0,0,0,5,5,0,0,0,0,5,5,0,0,55,0,0,0,0,0,0,7,0,0,0,0,0,0,0,0,0,0,0,0,0,0,0,0,0,0,0,0,5,3,0,0,,,,,,,,,,,,,,,,,,,,,
West Virginia,Charleston,64,https://www.hrc.org/mei/search/west-virginia/charleston1,0,0,0,0,5,5,0,0,0,0,5,5,0,0,55,0,0,0,0,0,0,7,7,0,0,0,0,0,0,5,0,2,0,0,0,0,0,0,0,0,0,12,1,0,0,0,,,,,,,,,,,,,,,,,,,,,
West Virginia,Huntington,95,https://www.hrc.org/mei/search/west-virginia/huntington,0,0,0,0,5,5,0,0,0,0,5,5,0,0,55,0,0,0,0,0,0,7,7,6,3,3,0,0,0,0,0,0,5,0,0,0,0,0,2,0,10,12,5,3,2,0,,,,,,,,,,,,,,,,,,,,,
West Virginia,Lewisburg,43,https://www.hrc.org/mei/search/west-virginia/lewisburg,0,0,0,0,5,5,0,0,0,0,5,5,0,0,55,0,0,0,0,0,0,0,0,0,0,0,0,0,0,5,0,0,0,0,0,0,0,0,0,0,0,0,5,3,0,0,,,,,,,,,,,,,,,,,,,,,
West Virginia,Morgantown,80,https://www.hrc.org/mei/search/west-virginia/morgantown,0,0,0,0,5,5,0,0,0,0,5,5,0,0,55,0,0,0,0,0,0,7,7,0,0,0,0,0,0,5,0,2,0,0,0,0,0,0,2,0,5,12,5,3,2,0,,,,,,,,,,,,,,,,,,,,,
West Virginia,Parkersburg,13,https://www.hrc.org/mei/search/west-virginia/parkersburg,0,0,0,0,0,0,0,0,0,0,0,0,0,0,0,0,0,0,0,0,0,0,0,0,0,0,0,0,0,0,0,0,0,0,0,0,0,0,0,0,0,12,0,1,0,0,,,,,,,,,,,,,,,,,,,,,
West Virginia,Wheeling,57,https://www.hrc.org/mei/search/west-virginia/wheeling,0,0,0,0,5,5,0,0,0,0,5,5,0,0,55,0,0,0,0,0,0,0,0,0,0,0,0,0,0,5,0,2,0,0,0,0,0,0,0,0,0,12,5,3,0,0,,,,,,,,,,,,,,,,,,,,,
Wisconsin,Appleton,65,https://www.hrc.org/mei/search/wisconsin/appleton,5,0,0,0,5,5,5,0,0,0,5,5,50,0,55,0,0,0,0,0,0,7,7,0,0,0,0,0,0,0,0,0,0,0,0,0,0,0,0,0,0,12,5,2,2,0,,,,,,,,,,,,,,,,,,,,,
Wisconsin,Green Bay,28,https://www.hrc.org/mei/search/wisconsin/green-bay,5,0,0,0,0,0,5,0,0,0,0,0,50,0,0,0,0,0,0,0,0,0,0,0,0,0,0,0,0,0,0,0,0,0,0,0,0,0,0,0,0,12,1,0,0,0,,,,,,,,,,,,,,,,,,,,,
Wisconsin,Kenosha,44,https://www.hrc.org/mei/search/wisconsin/kenosha,5,0,0,0,0,0,5,0,0,0,5,0,50,0,0,0,0,0,0,0,0,7,0,0,0,0,0,0,0,0,0,0,0,0,0,0,0,0,0,0,0,12,5,3,2,0,,,,,,,,,,,,,,,,,,,,,
Wisconsin,Madison,100,https://www.hrc.org/mei/search/wisconsin/madison,5,0,5,5,5,5,5,0,5,0,5,5,50,0,55,0,0,0,0,0,0,7,7,0,3,3,2,0,0,5,0,2,5,0,0,2,0,2,2,0,10,12,5,2,2,0,,,,,,,,,,,,,,,,,,,,,
Wisconsin,Milwaukee,100,https://www.hrc.org/mei/search/wisconsin/milwaukee,5,0,5,5,5,5,5,0,5,5,5,5,50,0,55,0,0,0,0,0,2,7,7,6,3,3,0,0,0,5,0,2,5,0,0,0,0,0,2,0,10,12,5,3,0,0,,,,,,,,,,,,,,,,,,,,,
Wisconsin,Oshkosh,52,https://www.hrc.org/mei/search/wisconsin/oshkosk,5,0,0,0,0,0,5,0,0,0,5,5,50,0,0,0,0,0,0,0,0,7,7,0,0,0,0,0,0,0,0,0,5,0,0,0,0,0,0,0,10,0,2,1,0,0,,,,,,,,,,,,,,,,,,,,,
Wisconsin,Racine,41,https://www.hrc.org/mei/search/wisconsin/racine,5,0,0,0,5,0,5,0,5,0,5,0,50,0,50,0,0,0,0,0,0,7,0,0,0,0,0,0,0,5,0,2,0,0,0,0,0,0,2,0,0,0,5,3,2,0,,,,,,,,,,,,,,,,,,,,,
Wyoming,Casper,11,https://www.hrc.org/mei/search/wyoming/casper,0,0,0,0,0,0,0,0,0,0,0,0,0,0,0,0,0,0,0,0,0,7,0,0,0,0,0,0,0,0,0,0,0,0,0,0,0,0,0,0,0,0,3,1,0,0,,,,,,,,,,,,,,,,,,,,,
Wyoming,Cheyenne,5,https://www.hrc.org/mei/search/wyoming/cheyenne,0,0,0,0,0,0,0,0,0,0,0,0,0,0,0,0,0,0,0,0,0,0,0,0,0,0,0,0,0,0,0,0,0,0,0,0,0,0,0,0,0,0,3,2,0,0,,,,,,,,,,,,,,,,,,,,,
Wyoming,Gillette,22,https://www.hrc.org/mei/search/wyoming/gillette,0,0,0,0,0,0,0,0,0,0,0,0,0,0,0,0,0,0,0,0,0,7,0,0,0,0,0,0,0,0,0,0,0,0,0,0,0,0,0,0,0,12,2,1,0,0,,,,,,,,,,,,,,,,,,,,,
Wyoming,Jackson,52,https://www.hrc.org/mei/search/wyoming/jackson1,0,0,0,0,5,5,0,0,0,0,5,5,0,0,55,0,0,0,0,0,0,7,7,0,0,0,0,0,0,0,0,0,0,0,0,0,0,0,0,0,0,0,5,3,0,0,,,,,,,,,,,,,,,,,,,,,
Wyoming,Laramie,51,https://www.hrc.org/mei/search/wyoming/laramie,0,0,0,0,5,5,0,0,0,0,5,5,0,0,55,0,0,0,0,0,0,7,7,0,0,0,0,0,0,0,0,0,0,0,0,0,0,0,0,0,0,0,5,2,0,0,,,,,,,,,,,,,,,,,,,,,
Wyoming,Rock Springs,0,https://www.hrc.org/mei/search/wyoming/rock-springs,0,0,0,0,0,0,0,0,0,0,0,0,0,0,0,0,0,0,0,0,0,0,0,0,0,0,0,0,0,0,0,0,0,0,0,0,0,0,0,0,0,0,0,0,0,0,,,,,,,,,,,,,,,,,,,,,
Wyoming,Sheridan,0,https://www.hrc.org/mei/search/wyoming/sheridan,0,0,0,0,0,0,0,0,0,0,0,0,0,0,0,0,0,0,0,0,0,0,0,0,0,0,0,0,0,0,0,0,0,0,0,0,0,0,0,0,0,0,0,0,0,0,,,,,,,,,,,,,,,,,,,,,
